run_accession	sample_accession	sample_alias	sample_title	experiment_title	library_layout	study_accession	study_title	center_name	fastq_ftp	collection_date
SRR396890	SAMN00771081	A02688	Colorectal tumour - Subject 0005-017	Illumina HiSeq 2000 sequencing: RNA-Seq analysis of A02688	PAIRED	PRJNA274775	Derivation of HLA types from shotgun sequence datasets	BCCAGSC	ftp.sra.ebi.ac.uk/vol1/fastq/SRR396/SRR396890/SRR396890_1.fastq.gz;ftp.sra.ebi.ac.uk/vol1/fastq/SRR396/SRR396890/SRR396890_2.fastq.gz	
SRR396894	SAMN00771085	A02692	Colorectal tumour - Subject 0005-022	Illumina HiSeq 2000 sequencing: RNA-Seq analysis of A02692	PAIRED	PRJNA274775	Derivation of HLA types from shotgun sequence datasets	BCCAGSC	ftp.sra.ebi.ac.uk/vol1/fastq/SRR396/SRR396894/SRR396894_1.fastq.gz;ftp.sra.ebi.ac.uk/vol1/fastq/SRR396/SRR396894/SRR396894_2.fastq.gz	
SRR396897	SAMN00771088	A02695	Colorectal tumour - Subject 0005-030	Illumina HiSeq 2000 sequencing: RNA-Seq analysis of A02695	PAIRED	PRJNA274775	Derivation of HLA types from shotgun sequence datasets	BCCAGSC	ftp.sra.ebi.ac.uk/vol1/fastq/SRR396/SRR396897/SRR396897_1.fastq.gz;ftp.sra.ebi.ac.uk/vol1/fastq/SRR396/SRR396897/SRR396897_2.fastq.gz	
SRR396898	SAMN00771089	A02696	Colorectal tumour - Subject 0005-031	Illumina HiSeq 2000 sequencing: RNA-Seq analysis of A02696	PAIRED	PRJNA274775	Derivation of HLA types from shotgun sequence datasets	BCCAGSC	ftp.sra.ebi.ac.uk/vol1/fastq/SRR396/SRR396898/SRR396898_1.fastq.gz;ftp.sra.ebi.ac.uk/vol1/fastq/SRR396/SRR396898/SRR396898_2.fastq.gz	
SRR396900	SAMN00771091	A02698	Colorectal tumour - Subject 0005-033	Illumina HiSeq 2000 sequencing: RNA-Seq analysis of A02698	PAIRED	PRJNA274775	Derivation of HLA types from shotgun sequence datasets	BCCAGSC	ftp.sra.ebi.ac.uk/vol1/fastq/SRR396/SRR396900/SRR396900_1.fastq.gz;ftp.sra.ebi.ac.uk/vol1/fastq/SRR396/SRR396900/SRR396900_2.fastq.gz	
SRR396905	SAMN00771096	A02703	Colorectal tumour - Subject 0005-040	Illumina HiSeq 2000 sequencing: RNA-Seq analysis of A02703	PAIRED	PRJNA274775	Derivation of HLA types from shotgun sequence datasets	BCCAGSC	ftp.sra.ebi.ac.uk/vol1/fastq/SRR396/SRR396905/SRR396905_1.fastq.gz;ftp.sra.ebi.ac.uk/vol1/fastq/SRR396/SRR396905/SRR396905_2.fastq.gz	
SRR396906	SAMN00771097	A02704	Colorectal tumour - Subject 0005-042	Illumina HiSeq 2000 sequencing: RNA-Seq analysis of A02704	PAIRED	PRJNA274775	Derivation of HLA types from shotgun sequence datasets	BCCAGSC	ftp.sra.ebi.ac.uk/vol1/fastq/SRR396/SRR396906/SRR396906_1.fastq.gz;ftp.sra.ebi.ac.uk/vol1/fastq/SRR396/SRR396906/SRR396906_2.fastq.gz	
SRR396909	SAMN00771100	A02707	Colorectal tumour - Subject 0005-047	Illumina HiSeq 2000 sequencing: RNA-Seq analysis of A02707	PAIRED	PRJNA274775	Derivation of HLA types from shotgun sequence datasets	BCCAGSC	ftp.sra.ebi.ac.uk/vol1/fastq/SRR396/SRR396909/SRR396909_1.fastq.gz;ftp.sra.ebi.ac.uk/vol1/fastq/SRR396/SRR396909/SRR396909_2.fastq.gz	
SRR396912	SAMN00771103	A02710	Colorectal tumour - Subject 0005-052	Illumina HiSeq 2000 sequencing: RNA-Seq analysis of A02710	PAIRED	PRJNA274775	Derivation of HLA types from shotgun sequence datasets	BCCAGSC	ftp.sra.ebi.ac.uk/vol1/fastq/SRR396/SRR396912/SRR396912_1.fastq.gz;ftp.sra.ebi.ac.uk/vol1/fastq/SRR396/SRR396912/SRR396912_2.fastq.gz	
SRR396913	SAMN00771104	A02711	Colorectal tumour - Subject 0005-053	Illumina HiSeq 2000 sequencing: RNA-Seq analysis of A02711	PAIRED	PRJNA274775	Derivation of HLA types from shotgun sequence datasets	BCCAGSC	ftp.sra.ebi.ac.uk/vol1/fastq/SRR396/SRR396913/SRR396913_1.fastq.gz;ftp.sra.ebi.ac.uk/vol1/fastq/SRR396/SRR396913/SRR396913_2.fastq.gz	
SRR396915	SAMN00771106	A02713	Colorectal tumour - Subject 0005-056	Illumina HiSeq 2000 sequencing: RNA-Seq analysis of A02713	PAIRED	PRJNA274775	Derivation of HLA types from shotgun sequence datasets	BCCAGSC	ftp.sra.ebi.ac.uk/vol1/fastq/SRR396/SRR396915/SRR396915_1.fastq.gz;ftp.sra.ebi.ac.uk/vol1/fastq/SRR396/SRR396915/SRR396915_2.fastq.gz	
SRR396918	SAMN00771109	A02716	Colorectal tumour - Subject 0005-059	Illumina HiSeq 2000 sequencing: RNA-Seq analysis of A02716	PAIRED	PRJNA274775	Derivation of HLA types from shotgun sequence datasets	BCCAGSC	ftp.sra.ebi.ac.uk/vol1/fastq/SRR396/SRR396918/SRR396918_1.fastq.gz;ftp.sra.ebi.ac.uk/vol1/fastq/SRR396/SRR396918/SRR396918_2.fastq.gz	
SRR396920	SAMN00771111	A02718	Colorectal tumour - Subject 0005-062	Illumina HiSeq 2000 sequencing: RNA-Seq analysis of A02718	PAIRED	PRJNA274775	Derivation of HLA types from shotgun sequence datasets	BCCAGSC	ftp.sra.ebi.ac.uk/vol1/fastq/SRR396/SRR396920/SRR396920_1.fastq.gz;ftp.sra.ebi.ac.uk/vol1/fastq/SRR396/SRR396920/SRR396920_2.fastq.gz	
SRR396924	SAMN00771115	A02722	Normal colon epithelium - Subject 0005-013	Illumina HiSeq 2000 sequencing: RNA-Seq analysis of A02722	PAIRED	PRJNA274775	Derivation of HLA types from shotgun sequence datasets	BCCAGSC	ftp.sra.ebi.ac.uk/vol1/fastq/SRR396/SRR396924/SRR396924_1.fastq.gz;ftp.sra.ebi.ac.uk/vol1/fastq/SRR396/SRR396924/SRR396924_2.fastq.gz	
SRR396928	SAMN00771119	A02726	Normal colon epithelium - Subject 0005-020	Illumina HiSeq 2000 sequencing: RNA-Seq analysis of A02726	PAIRED	PRJNA274775	Derivation of HLA types from shotgun sequence datasets	BCCAGSC	ftp.sra.ebi.ac.uk/vol1/fastq/SRR396/SRR396928/SRR396928_1.fastq.gz;ftp.sra.ebi.ac.uk/vol1/fastq/SRR396/SRR396928/SRR396928_2.fastq.gz	
SRR396935	SAMN00771126	A02733	Normal colon epithelium - Subject 0005-032	Illumina HiSeq 2000 sequencing: RNA-Seq analysis of A02733	PAIRED	PRJNA274775	Derivation of HLA types from shotgun sequence datasets	BCCAGSC	ftp.sra.ebi.ac.uk/vol1/fastq/SRR396/SRR396935/SRR396935_1.fastq.gz;ftp.sra.ebi.ac.uk/vol1/fastq/SRR396/SRR396935/SRR396935_2.fastq.gz	
SRR396937	SAMN00771128	A02735	Normal colon epithelium - Subject 0005-034	Illumina HiSeq 2000 sequencing: RNA-Seq analysis of A02735	PAIRED	PRJNA274775	Derivation of HLA types from shotgun sequence datasets	BCCAGSC	ftp.sra.ebi.ac.uk/vol1/fastq/SRR396/SRR396937/SRR396937_1.fastq.gz;ftp.sra.ebi.ac.uk/vol1/fastq/SRR396/SRR396937/SRR396937_2.fastq.gz	
SRR396940	SAMN00771131	A02738	Normal colon epithelium - Subject 0005-037	Illumina HiSeq 2000 sequencing: RNA-Seq analysis of A02738	PAIRED	PRJNA274775	Derivation of HLA types from shotgun sequence datasets	BCCAGSC	ftp.sra.ebi.ac.uk/vol1/fastq/SRR396/SRR396940/SRR396940_1.fastq.gz;ftp.sra.ebi.ac.uk/vol1/fastq/SRR396/SRR396940/SRR396940_2.fastq.gz	
SRR396943	SAMN00771134	A02741	Normal colon epithelium - Subject 0005-043	Illumina HiSeq 2000 sequencing: RNA-Seq analysis of A02741	PAIRED	PRJNA274775	Derivation of HLA types from shotgun sequence datasets	BCCAGSC	ftp.sra.ebi.ac.uk/vol1/fastq/SRR396/SRR396943/SRR396943_1.fastq.gz;ftp.sra.ebi.ac.uk/vol1/fastq/SRR396/SRR396943/SRR396943_2.fastq.gz	
SRR396948	SAMN00771139	A02746	Normal colon epithelium - Subject 0005-052	Illumina HiSeq 2000 sequencing: RNA-Seq analysis of A02746	PAIRED	PRJNA274775	Derivation of HLA types from shotgun sequence datasets	BCCAGSC	ftp.sra.ebi.ac.uk/vol1/fastq/SRR396/SRR396948/SRR396948_1.fastq.gz;ftp.sra.ebi.ac.uk/vol1/fastq/SRR396/SRR396948/SRR396948_2.fastq.gz	
SRR396951	SAMN00771142	A02749	Normal colon epithelium - Subject 0005-056	Illumina HiSeq 2000 sequencing: RNA-Seq analysis of A02749	PAIRED	PRJNA274775	Derivation of HLA types from shotgun sequence datasets	BCCAGSC	ftp.sra.ebi.ac.uk/vol1/fastq/SRR396/SRR396951/SRR396951_1.fastq.gz;ftp.sra.ebi.ac.uk/vol1/fastq/SRR396/SRR396951/SRR396951_2.fastq.gz	
SRR396952	SAMN00771143	A02750	Normal colon epithelium - Subject 0005-057	Illumina HiSeq 2000 sequencing: RNA-Seq analysis of A02750	PAIRED	PRJNA274775	Derivation of HLA types from shotgun sequence datasets	BCCAGSC	ftp.sra.ebi.ac.uk/vol1/fastq/SRR396/SRR396952/SRR396952_1.fastq.gz;ftp.sra.ebi.ac.uk/vol1/fastq/SRR396/SRR396952/SRR396952_2.fastq.gz	
SRR396953	SAMN00771144	A02751	Normal colon epithelium - Subject 0005-058	Illumina HiSeq 2000 sequencing: RNA-Seq analysis of A02751	PAIRED	PRJNA274775	Derivation of HLA types from shotgun sequence datasets	BCCAGSC	ftp.sra.ebi.ac.uk/vol1/fastq/SRR396/SRR396953/SRR396953_1.fastq.gz;ftp.sra.ebi.ac.uk/vol1/fastq/SRR396/SRR396953/SRR396953_2.fastq.gz	
SRR396954	SAMN00771145	A02752	Normal colon epithelium - Subject 0005-059	Illumina HiSeq 2000 sequencing: RNA-Seq analysis of A02752	PAIRED	PRJNA274775	Derivation of HLA types from shotgun sequence datasets	BCCAGSC	ftp.sra.ebi.ac.uk/vol1/fastq/SRR396/SRR396954/SRR396954_1.fastq.gz;ftp.sra.ebi.ac.uk/vol1/fastq/SRR396/SRR396954/SRR396954_2.fastq.gz	
SRR396963	SAMN00771082	A02689	Colorectal tumour - Subject 0005-019	Illumina HiSeq 2000 sequencing: RNA-Seq analysis of A02689	PAIRED	PRJNA274775	Derivation of HLA types from shotgun sequence datasets	BCCAGSC	ftp.sra.ebi.ac.uk/vol1/fastq/SRR396/SRR396963/SRR396963_1.fastq.gz;ftp.sra.ebi.ac.uk/vol1/fastq/SRR396/SRR396963/SRR396963_2.fastq.gz	
SRR396968	SAMN00771087	A02694	Colorectal tumour - Subject 0005-028	Illumina HiSeq 2000 sequencing: RNA-Seq analysis of A02694	PAIRED	PRJNA274775	Derivation of HLA types from shotgun sequence datasets	BCCAGSC	ftp.sra.ebi.ac.uk/vol1/fastq/SRR396/SRR396968/SRR396968_1.fastq.gz;ftp.sra.ebi.ac.uk/vol1/fastq/SRR396/SRR396968/SRR396968_2.fastq.gz	
SRR396970	SAMN00771089	A02696	Colorectal tumour - Subject 0005-031	Illumina HiSeq 2000 sequencing: RNA-Seq analysis of A02696	PAIRED	PRJNA274775	Derivation of HLA types from shotgun sequence datasets	BCCAGSC	ftp.sra.ebi.ac.uk/vol1/fastq/SRR396/SRR396970/SRR396970_1.fastq.gz;ftp.sra.ebi.ac.uk/vol1/fastq/SRR396/SRR396970/SRR396970_2.fastq.gz	
SRR396984	SAMN00771103	A02710	Colorectal tumour - Subject 0005-052	Illumina HiSeq 2000 sequencing: RNA-Seq analysis of A02710	PAIRED	PRJNA274775	Derivation of HLA types from shotgun sequence datasets	BCCAGSC	ftp.sra.ebi.ac.uk/vol1/fastq/SRR396/SRR396984/SRR396984_1.fastq.gz;ftp.sra.ebi.ac.uk/vol1/fastq/SRR396/SRR396984/SRR396984_2.fastq.gz	
SRR396986	SAMN00771105	A02712	Colorectal tumour - Subject 0005-054	Illumina HiSeq 2000 sequencing: RNA-Seq analysis of A02712	PAIRED	PRJNA274775	Derivation of HLA types from shotgun sequence datasets	BCCAGSC	ftp.sra.ebi.ac.uk/vol1/fastq/SRR396/SRR396986/SRR396986_1.fastq.gz;ftp.sra.ebi.ac.uk/vol1/fastq/SRR396/SRR396986/SRR396986_2.fastq.gz	
SRR396995	SAMN00771114	A02721	Colorectal tumour - Subject 0005-065	Illumina HiSeq 2000 sequencing: RNA-Seq analysis of A02721	PAIRED	PRJNA274775	Derivation of HLA types from shotgun sequence datasets	BCCAGSC	ftp.sra.ebi.ac.uk/vol1/fastq/SRR396/SRR396995/SRR396995_1.fastq.gz;ftp.sra.ebi.ac.uk/vol1/fastq/SRR396/SRR396995/SRR396995_2.fastq.gz	
SRR396996	SAMN00771115	A02722	Normal colon epithelium - Subject 0005-013	Illumina HiSeq 2000 sequencing: RNA-Seq analysis of A02722	PAIRED	PRJNA274775	Derivation of HLA types from shotgun sequence datasets	BCCAGSC	ftp.sra.ebi.ac.uk/vol1/fastq/SRR396/SRR396996/SRR396996_1.fastq.gz;ftp.sra.ebi.ac.uk/vol1/fastq/SRR396/SRR396996/SRR396996_2.fastq.gz	
SRR397002	SAMN00771121	A02728	Normal colon epithelium - Subject 0005-022	Illumina HiSeq 2000 sequencing: RNA-Seq analysis of A02728	PAIRED	PRJNA274775	Derivation of HLA types from shotgun sequence datasets	BCCAGSC	ftp.sra.ebi.ac.uk/vol1/fastq/SRR397/SRR397002/SRR397002_1.fastq.gz;ftp.sra.ebi.ac.uk/vol1/fastq/SRR397/SRR397002/SRR397002_2.fastq.gz	
SRR397010	SAMN00771129	A02736	Normal colon epithelium - Subject 0005-035	Illumina HiSeq 2000 sequencing: RNA-Seq analysis of A02736	PAIRED	PRJNA274775	Derivation of HLA types from shotgun sequence datasets	BCCAGSC	ftp.sra.ebi.ac.uk/vol1/fastq/SRR397/SRR397010/SRR397010_1.fastq.gz;ftp.sra.ebi.ac.uk/vol1/fastq/SRR397/SRR397010/SRR397010_2.fastq.gz	
SRR397011	SAMN00771130	A02737	Normal colon epithelium - Subject 0005-036	Illumina HiSeq 2000 sequencing: RNA-Seq analysis of A02737	PAIRED	PRJNA274775	Derivation of HLA types from shotgun sequence datasets	BCCAGSC	ftp.sra.ebi.ac.uk/vol1/fastq/SRR397/SRR397011/SRR397011_1.fastq.gz;ftp.sra.ebi.ac.uk/vol1/fastq/SRR397/SRR397011/SRR397011_2.fastq.gz	
SRR397013	SAMN00771132	A02739	Normal colon epithelium - Subject 0005-040	Illumina HiSeq 2000 sequencing: RNA-Seq analysis of A02739	PAIRED	PRJNA274775	Derivation of HLA types from shotgun sequence datasets	BCCAGSC	ftp.sra.ebi.ac.uk/vol1/fastq/SRR397/SRR397013/SRR397013_1.fastq.gz;ftp.sra.ebi.ac.uk/vol1/fastq/SRR397/SRR397013/SRR397013_2.fastq.gz	
SRR397016	SAMN00771135	A02742	Normal colon epithelium - Subject 0005-044	Illumina HiSeq 2000 sequencing: RNA-Seq analysis of A02742	PAIRED	PRJNA274775	Derivation of HLA types from shotgun sequence datasets	BCCAGSC	ftp.sra.ebi.ac.uk/vol1/fastq/SRR397/SRR397016/SRR397016_1.fastq.gz;ftp.sra.ebi.ac.uk/vol1/fastq/SRR397/SRR397016/SRR397016_2.fastq.gz	
SRR397017	SAMN00771136	A02743	Normal colon epithelium - Subject 0005-047	Illumina HiSeq 2000 sequencing: RNA-Seq analysis of A02743	PAIRED	PRJNA274775	Derivation of HLA types from shotgun sequence datasets	BCCAGSC	ftp.sra.ebi.ac.uk/vol1/fastq/SRR397/SRR397017/SRR397017_1.fastq.gz;ftp.sra.ebi.ac.uk/vol1/fastq/SRR397/SRR397017/SRR397017_2.fastq.gz	
SRR397022	SAMN00771141	A02748	Normal colon epithelium - Subject 0005-054	Illumina HiSeq 2000 sequencing: RNA-Seq analysis of A02748	PAIRED	PRJNA274775	Derivation of HLA types from shotgun sequence datasets	BCCAGSC	ftp.sra.ebi.ac.uk/vol1/fastq/SRR397/SRR397022/SRR397022_1.fastq.gz;ftp.sra.ebi.ac.uk/vol1/fastq/SRR397/SRR397022/SRR397022_2.fastq.gz	
SRR397024	SAMN00771143	A02750	Normal colon epithelium - Subject 0005-057	Illumina HiSeq 2000 sequencing: RNA-Seq analysis of A02750	PAIRED	PRJNA274775	Derivation of HLA types from shotgun sequence datasets	BCCAGSC	ftp.sra.ebi.ac.uk/vol1/fastq/SRR397/SRR397024/SRR397024_1.fastq.gz;ftp.sra.ebi.ac.uk/vol1/fastq/SRR397/SRR397024/SRR397024_2.fastq.gz	
SRR397027	SAMN00771146	A02753	Normal colon epithelium - Subject 0005-060	Illumina HiSeq 2000 sequencing: RNA-Seq analysis of A02753	PAIRED	PRJNA274775	Derivation of HLA types from shotgun sequence datasets	BCCAGSC	ftp.sra.ebi.ac.uk/vol1/fastq/SRR397/SRR397027/SRR397027_1.fastq.gz;ftp.sra.ebi.ac.uk/vol1/fastq/SRR397/SRR397027/SRR397027_2.fastq.gz	
SRR397029	SAMN00771148	A02755	Normal colon epithelium - Subject 0005-063	Illumina HiSeq 2000 sequencing: RNA-Seq analysis of A02755	PAIRED	PRJNA274775	Derivation of HLA types from shotgun sequence datasets	BCCAGSC	ftp.sra.ebi.ac.uk/vol1/fastq/SRR397/SRR397029/SRR397029_1.fastq.gz;ftp.sra.ebi.ac.uk/vol1/fastq/SRR397/SRR397029/SRR397029_2.fastq.gz	
SRR397039	SAMN00771086	A02693	Colorectal tumour - Subject 0005-027	Illumina HiSeq 2000 sequencing: RNA-Seq analysis of A02693	PAIRED	PRJNA274775	Derivation of HLA types from shotgun sequence datasets	BCCAGSC	ftp.sra.ebi.ac.uk/vol1/fastq/SRR397/SRR397039/SRR397039_1.fastq.gz;ftp.sra.ebi.ac.uk/vol1/fastq/SRR397/SRR397039/SRR397039_2.fastq.gz	
SRR397042	SAMN00771089	A02696	Colorectal tumour - Subject 0005-031	Illumina HiSeq 2000 sequencing: RNA-Seq analysis of A02696	PAIRED	PRJNA274775	Derivation of HLA types from shotgun sequence datasets	BCCAGSC	ftp.sra.ebi.ac.uk/vol1/fastq/SRR397/SRR397042/SRR397042_1.fastq.gz;ftp.sra.ebi.ac.uk/vol1/fastq/SRR397/SRR397042/SRR397042_2.fastq.gz	
SRR397047	SAMN00771094	A02701	Colorectal tumour - Subject 0005-036	Illumina HiSeq 2000 sequencing: RNA-Seq analysis of A02701	PAIRED	PRJNA274775	Derivation of HLA types from shotgun sequence datasets	BCCAGSC	ftp.sra.ebi.ac.uk/vol1/fastq/SRR397/SRR397047/SRR397047_1.fastq.gz;ftp.sra.ebi.ac.uk/vol1/fastq/SRR397/SRR397047/SRR397047_2.fastq.gz	
SRR397057	SAMN00771104	A02711	Colorectal tumour - Subject 0005-053	Illumina HiSeq 2000 sequencing: RNA-Seq analysis of A02711	PAIRED	PRJNA274775	Derivation of HLA types from shotgun sequence datasets	BCCAGSC	ftp.sra.ebi.ac.uk/vol1/fastq/SRR397/SRR397057/SRR397057_1.fastq.gz;ftp.sra.ebi.ac.uk/vol1/fastq/SRR397/SRR397057/SRR397057_2.fastq.gz	
SRR397058	SAMN00771105	A02712	Colorectal tumour - Subject 0005-054	Illumina HiSeq 2000 sequencing: RNA-Seq analysis of A02712	PAIRED	PRJNA274775	Derivation of HLA types from shotgun sequence datasets	BCCAGSC	ftp.sra.ebi.ac.uk/vol1/fastq/SRR397/SRR397058/SRR397058_1.fastq.gz;ftp.sra.ebi.ac.uk/vol1/fastq/SRR397/SRR397058/SRR397058_2.fastq.gz	
SRR397062	SAMN00771109	A02716	Colorectal tumour - Subject 0005-059	Illumina HiSeq 2000 sequencing: RNA-Seq analysis of A02716	PAIRED	PRJNA274775	Derivation of HLA types from shotgun sequence datasets	BCCAGSC	ftp.sra.ebi.ac.uk/vol1/fastq/SRR397/SRR397062/SRR397062_1.fastq.gz;ftp.sra.ebi.ac.uk/vol1/fastq/SRR397/SRR397062/SRR397062_2.fastq.gz	
SRR397063	SAMN00771110	A02717	Colorectal tumour - Subject 0005-060	Illumina HiSeq 2000 sequencing: RNA-Seq analysis of A02717	PAIRED	PRJNA274775	Derivation of HLA types from shotgun sequence datasets	BCCAGSC	ftp.sra.ebi.ac.uk/vol1/fastq/SRR397/SRR397063/SRR397063_1.fastq.gz;ftp.sra.ebi.ac.uk/vol1/fastq/SRR397/SRR397063/SRR397063_2.fastq.gz	
SRR397066	SAMN00771113	A02720	Colorectal tumour - Subject 0005-064	Illumina HiSeq 2000 sequencing: RNA-Seq analysis of A02720	PAIRED	PRJNA274775	Derivation of HLA types from shotgun sequence datasets	BCCAGSC	ftp.sra.ebi.ac.uk/vol1/fastq/SRR397/SRR397066/SRR397066_1.fastq.gz;ftp.sra.ebi.ac.uk/vol1/fastq/SRR397/SRR397066/SRR397066_2.fastq.gz	
SRR397067	SAMN00771114	A02721	Colorectal tumour - Subject 0005-065	Illumina HiSeq 2000 sequencing: RNA-Seq analysis of A02721	PAIRED	PRJNA274775	Derivation of HLA types from shotgun sequence datasets	BCCAGSC	ftp.sra.ebi.ac.uk/vol1/fastq/SRR397/SRR397067/SRR397067_1.fastq.gz;ftp.sra.ebi.ac.uk/vol1/fastq/SRR397/SRR397067/SRR397067_2.fastq.gz	
SRR397070	SAMN00771117	A02724	Normal colon epithelium - Subject 0005-017	Illumina HiSeq 2000 sequencing: RNA-Seq analysis of A02724	PAIRED	PRJNA274775	Derivation of HLA types from shotgun sequence datasets	BCCAGSC	ftp.sra.ebi.ac.uk/vol1/fastq/SRR397/SRR397070/SRR397070_1.fastq.gz;ftp.sra.ebi.ac.uk/vol1/fastq/SRR397/SRR397070/SRR397070_2.fastq.gz	
SRR397074	SAMN00771121	A02728	Normal colon epithelium - Subject 0005-022	Illumina HiSeq 2000 sequencing: RNA-Seq analysis of A02728	PAIRED	PRJNA274775	Derivation of HLA types from shotgun sequence datasets	BCCAGSC	ftp.sra.ebi.ac.uk/vol1/fastq/SRR397/SRR397074/SRR397074_1.fastq.gz;ftp.sra.ebi.ac.uk/vol1/fastq/SRR397/SRR397074/SRR397074_2.fastq.gz	
SRR397076	SAMN00771123	A02730	Normal colon epithelium - Subject 0005-028	Illumina HiSeq 2000 sequencing: RNA-Seq analysis of A02730	PAIRED	PRJNA274775	Derivation of HLA types from shotgun sequence datasets	BCCAGSC	ftp.sra.ebi.ac.uk/vol1/fastq/SRR397/SRR397076/SRR397076_1.fastq.gz;ftp.sra.ebi.ac.uk/vol1/fastq/SRR397/SRR397076/SRR397076_2.fastq.gz	
SRR397078	SAMN00771125	A02732	Normal colon epithelium - Subject 0005-031	Illumina HiSeq 2000 sequencing: RNA-Seq analysis of A02732	PAIRED	PRJNA274775	Derivation of HLA types from shotgun sequence datasets	BCCAGSC	ftp.sra.ebi.ac.uk/vol1/fastq/SRR397/SRR397078/SRR397078_1.fastq.gz;ftp.sra.ebi.ac.uk/vol1/fastq/SRR397/SRR397078/SRR397078_2.fastq.gz	
SRR397079	SAMN00771126	A02733	Normal colon epithelium - Subject 0005-032	Illumina HiSeq 2000 sequencing: RNA-Seq analysis of A02733	PAIRED	PRJNA274775	Derivation of HLA types from shotgun sequence datasets	BCCAGSC	ftp.sra.ebi.ac.uk/vol1/fastq/SRR397/SRR397079/SRR397079_1.fastq.gz;ftp.sra.ebi.ac.uk/vol1/fastq/SRR397/SRR397079/SRR397079_2.fastq.gz	
SRR397084	SAMN00771131	A02738	Normal colon epithelium - Subject 0005-037	Illumina HiSeq 2000 sequencing: RNA-Seq analysis of A02738	PAIRED	PRJNA274775	Derivation of HLA types from shotgun sequence datasets	BCCAGSC	ftp.sra.ebi.ac.uk/vol1/fastq/SRR397/SRR397084/SRR397084_1.fastq.gz;ftp.sra.ebi.ac.uk/vol1/fastq/SRR397/SRR397084/SRR397084_2.fastq.gz	
SRR397086	SAMN00771133	A02740	Normal colon epithelium - Subject 0005-042	Illumina HiSeq 2000 sequencing: RNA-Seq analysis of A02740	PAIRED	PRJNA274775	Derivation of HLA types from shotgun sequence datasets	BCCAGSC	ftp.sra.ebi.ac.uk/vol1/fastq/SRR397/SRR397086/SRR397086_1.fastq.gz;ftp.sra.ebi.ac.uk/vol1/fastq/SRR397/SRR397086/SRR397086_2.fastq.gz	
SRR397089	SAMN00771136	A02743	Normal colon epithelium - Subject 0005-047	Illumina HiSeq 2000 sequencing: RNA-Seq analysis of A02743	PAIRED	PRJNA274775	Derivation of HLA types from shotgun sequence datasets	BCCAGSC	ftp.sra.ebi.ac.uk/vol1/fastq/SRR397/SRR397089/SRR397089_1.fastq.gz;ftp.sra.ebi.ac.uk/vol1/fastq/SRR397/SRR397089/SRR397089_2.fastq.gz	
SRR397092	SAMN00771139	A02746	Normal colon epithelium - Subject 0005-052	Illumina HiSeq 2000 sequencing: RNA-Seq analysis of A02746	PAIRED	PRJNA274775	Derivation of HLA types from shotgun sequence datasets	BCCAGSC	ftp.sra.ebi.ac.uk/vol1/fastq/SRR397/SRR397092/SRR397092_1.fastq.gz;ftp.sra.ebi.ac.uk/vol1/fastq/SRR397/SRR397092/SRR397092_2.fastq.gz	
SRR397095	SAMN00771142	A02749	Normal colon epithelium - Subject 0005-056	Illumina HiSeq 2000 sequencing: RNA-Seq analysis of A02749	PAIRED	PRJNA274775	Derivation of HLA types from shotgun sequence datasets	BCCAGSC	ftp.sra.ebi.ac.uk/vol1/fastq/SRR397/SRR397095/SRR397095_1.fastq.gz;ftp.sra.ebi.ac.uk/vol1/fastq/SRR397/SRR397095/SRR397095_2.fastq.gz	
SRR397096	SAMN00771143	A02750	Normal colon epithelium - Subject 0005-057	Illumina HiSeq 2000 sequencing: RNA-Seq analysis of A02750	PAIRED	PRJNA274775	Derivation of HLA types from shotgun sequence datasets	BCCAGSC	ftp.sra.ebi.ac.uk/vol1/fastq/SRR397/SRR397096/SRR397096_1.fastq.gz;ftp.sra.ebi.ac.uk/vol1/fastq/SRR397/SRR397096/SRR397096_2.fastq.gz	
SRR397101	SAMN00771148	A02755	Normal colon epithelium - Subject 0005-063	Illumina HiSeq 2000 sequencing: RNA-Seq analysis of A02755	PAIRED	PRJNA274775	Derivation of HLA types from shotgun sequence datasets	BCCAGSC	ftp.sra.ebi.ac.uk/vol1/fastq/SRR397/SRR397101/SRR397101_1.fastq.gz;ftp.sra.ebi.ac.uk/vol1/fastq/SRR397/SRR397101/SRR397101_2.fastq.gz	
SRR397103	SAMN00771150	A02757	Normal colon epithelium - Subject 0005-065	Illumina HiSeq 2000 sequencing: RNA-Seq analysis of A02757	PAIRED	PRJNA274775	Derivation of HLA types from shotgun sequence datasets	BCCAGSC	ftp.sra.ebi.ac.uk/vol1/fastq/SRR397/SRR397103/SRR397103_1.fastq.gz;ftp.sra.ebi.ac.uk/vol1/fastq/SRR397/SRR397103/SRR397103_2.fastq.gz	
SRR397105	SAMN00771080	A02687	Colorectal tumour - Subject 0005-014	Illumina HiSeq 2000 sequencing: RNA-Seq analysis of A02687	PAIRED	PRJNA274775	Derivation of HLA types from shotgun sequence datasets	BCCAGSC	ftp.sra.ebi.ac.uk/vol1/fastq/SRR397/SRR397105/SRR397105_1.fastq.gz;ftp.sra.ebi.ac.uk/vol1/fastq/SRR397/SRR397105/SRR397105_2.fastq.gz	
SRR397113	SAMN00771088	A02695	Colorectal tumour - Subject 0005-030	Illumina HiSeq 2000 sequencing: RNA-Seq analysis of A02695	PAIRED	PRJNA274775	Derivation of HLA types from shotgun sequence datasets	BCCAGSC	ftp.sra.ebi.ac.uk/vol1/fastq/SRR397/SRR397113/SRR397113_1.fastq.gz;ftp.sra.ebi.ac.uk/vol1/fastq/SRR397/SRR397113/SRR397113_2.fastq.gz	
SRR397115	SAMN00771090	A02697	Colorectal tumour - Subject 0005-032	Illumina HiSeq 2000 sequencing: RNA-Seq analysis of A02697	PAIRED	PRJNA274775	Derivation of HLA types from shotgun sequence datasets	BCCAGSC	ftp.sra.ebi.ac.uk/vol1/fastq/SRR397/SRR397115/SRR397115_1.fastq.gz;ftp.sra.ebi.ac.uk/vol1/fastq/SRR397/SRR397115/SRR397115_2.fastq.gz	
SRR396888	SAMN00771079	A02686	Colorectal tumour - Subject 0005-013	Illumina HiSeq 2000 sequencing: RNA-Seq analysis of A02686	PAIRED	PRJNA274775	Derivation of HLA types from shotgun sequence datasets	BCCAGSC	ftp.sra.ebi.ac.uk/vol1/fastq/SRR396/SRR396888/SRR396888_1.fastq.gz;ftp.sra.ebi.ac.uk/vol1/fastq/SRR396/SRR396888/SRR396888_2.fastq.gz	
SRR397119	SAMN00771094	A02701	Colorectal tumour - Subject 0005-036	Illumina HiSeq 2000 sequencing: RNA-Seq analysis of A02701	PAIRED	PRJNA274775	Derivation of HLA types from shotgun sequence datasets	BCCAGSC	ftp.sra.ebi.ac.uk/vol1/fastq/SRR397/SRR397119/SRR397119_1.fastq.gz;ftp.sra.ebi.ac.uk/vol1/fastq/SRR397/SRR397119/SRR397119_2.fastq.gz	
SRR397120	SAMN00771095	A02702	Colorectal tumour - Subject 0005-037	Illumina HiSeq 2000 sequencing: RNA-Seq analysis of A02702	PAIRED	PRJNA274775	Derivation of HLA types from shotgun sequence datasets	BCCAGSC	ftp.sra.ebi.ac.uk/vol1/fastq/SRR397/SRR397120/SRR397120_1.fastq.gz;ftp.sra.ebi.ac.uk/vol1/fastq/SRR397/SRR397120/SRR397120_2.fastq.gz	
SRR396891	SAMN00771082	A02689	Colorectal tumour - Subject 0005-019	Illumina HiSeq 2000 sequencing: RNA-Seq analysis of A02689	PAIRED	PRJNA274775	Derivation of HLA types from shotgun sequence datasets	BCCAGSC	ftp.sra.ebi.ac.uk/vol1/fastq/SRR396/SRR396891/SRR396891_1.fastq.gz;ftp.sra.ebi.ac.uk/vol1/fastq/SRR396/SRR396891/SRR396891_2.fastq.gz	
SRR397122	SAMN00771097	A02704	Colorectal tumour - Subject 0005-042	Illumina HiSeq 2000 sequencing: RNA-Seq analysis of A02704	PAIRED	PRJNA274775	Derivation of HLA types from shotgun sequence datasets	BCCAGSC	ftp.sra.ebi.ac.uk/vol1/fastq/SRR397/SRR397122/SRR397122_1.fastq.gz;ftp.sra.ebi.ac.uk/vol1/fastq/SRR397/SRR397122/SRR397122_2.fastq.gz	
SRR396892	SAMN00771083	A02690	Colorectal tumour - Subject 0005-020	Illumina HiSeq 2000 sequencing: RNA-Seq analysis of A02690	PAIRED	PRJNA274775	Derivation of HLA types from shotgun sequence datasets	BCCAGSC	ftp.sra.ebi.ac.uk/vol1/fastq/SRR396/SRR396892/SRR396892_1.fastq.gz;ftp.sra.ebi.ac.uk/vol1/fastq/SRR396/SRR396892/SRR396892_2.fastq.gz	
SRR397127	SAMN00771102	A02709	Colorectal tumour - Subject 0005-050	Illumina HiSeq 2000 sequencing: RNA-Seq analysis of A02709	PAIRED	PRJNA274775	Derivation of HLA types from shotgun sequence datasets	BCCAGSC	ftp.sra.ebi.ac.uk/vol1/fastq/SRR397/SRR397127/SRR397127_1.fastq.gz;ftp.sra.ebi.ac.uk/vol1/fastq/SRR397/SRR397127/SRR397127_2.fastq.gz	
SRR397128	SAMN00771103	A02710	Colorectal tumour - Subject 0005-052	Illumina HiSeq 2000 sequencing: RNA-Seq analysis of A02710	PAIRED	PRJNA274775	Derivation of HLA types from shotgun sequence datasets	BCCAGSC	ftp.sra.ebi.ac.uk/vol1/fastq/SRR397/SRR397128/SRR397128_1.fastq.gz;ftp.sra.ebi.ac.uk/vol1/fastq/SRR397/SRR397128/SRR397128_2.fastq.gz	
SRR396896	SAMN00771087	A02694	Colorectal tumour - Subject 0005-028	Illumina HiSeq 2000 sequencing: RNA-Seq analysis of A02694	PAIRED	PRJNA274775	Derivation of HLA types from shotgun sequence datasets	BCCAGSC	ftp.sra.ebi.ac.uk/vol1/fastq/SRR396/SRR396896/SRR396896_1.fastq.gz;ftp.sra.ebi.ac.uk/vol1/fastq/SRR396/SRR396896/SRR396896_2.fastq.gz	
SRR397137	SAMN00771112	A02719	Colorectal tumour - Subject 0005-063	Illumina HiSeq 2000 sequencing: RNA-Seq analysis of A02719	PAIRED	PRJNA274775	Derivation of HLA types from shotgun sequence datasets	BCCAGSC	ftp.sra.ebi.ac.uk/vol1/fastq/SRR397/SRR397137/SRR397137_1.fastq.gz;ftp.sra.ebi.ac.uk/vol1/fastq/SRR397/SRR397137/SRR397137_2.fastq.gz	
SRR396899	SAMN00771090	A02697	Colorectal tumour - Subject 0005-032	Illumina HiSeq 2000 sequencing: RNA-Seq analysis of A02697	PAIRED	PRJNA274775	Derivation of HLA types from shotgun sequence datasets	BCCAGSC	ftp.sra.ebi.ac.uk/vol1/fastq/SRR396/SRR396899/SRR396899_1.fastq.gz;ftp.sra.ebi.ac.uk/vol1/fastq/SRR396/SRR396899/SRR396899_2.fastq.gz	
SRR397139	SAMN00771114	A02721	Colorectal tumour - Subject 0005-065	Illumina HiSeq 2000 sequencing: RNA-Seq analysis of A02721	PAIRED	PRJNA274775	Derivation of HLA types from shotgun sequence datasets	BCCAGSC	ftp.sra.ebi.ac.uk/vol1/fastq/SRR397/SRR397139/SRR397139_1.fastq.gz;ftp.sra.ebi.ac.uk/vol1/fastq/SRR397/SRR397139/SRR397139_2.fastq.gz	
SRR397143	SAMN00771118	A02725	Normal colon epithelium - Subject 0005-019	Illumina HiSeq 2000 sequencing: RNA-Seq analysis of A02725	PAIRED	PRJNA274775	Derivation of HLA types from shotgun sequence datasets	BCCAGSC	ftp.sra.ebi.ac.uk/vol1/fastq/SRR397/SRR397143/SRR397143_1.fastq.gz;ftp.sra.ebi.ac.uk/vol1/fastq/SRR397/SRR397143/SRR397143_2.fastq.gz	
SRR396901	SAMN00771092	A02699	Colorectal tumour - Subject 0005-034	Illumina HiSeq 2000 sequencing: RNA-Seq analysis of A02699	PAIRED	PRJNA274775	Derivation of HLA types from shotgun sequence datasets	BCCAGSC	ftp.sra.ebi.ac.uk/vol1/fastq/SRR396/SRR396901/SRR396901_1.fastq.gz;ftp.sra.ebi.ac.uk/vol1/fastq/SRR396/SRR396901/SRR396901_2.fastq.gz	
SRR396903	SAMN00771094	A02701	Colorectal tumour - Subject 0005-036	Illumina HiSeq 2000 sequencing: RNA-Seq analysis of A02701	PAIRED	PRJNA274775	Derivation of HLA types from shotgun sequence datasets	BCCAGSC	ftp.sra.ebi.ac.uk/vol1/fastq/SRR396/SRR396903/SRR396903_1.fastq.gz;ftp.sra.ebi.ac.uk/vol1/fastq/SRR396/SRR396903/SRR396903_2.fastq.gz	
SRR397147	SAMN00771122	A02729	Normal colon epithelium - Subject 0005-027	Illumina HiSeq 2000 sequencing: RNA-Seq analysis of A02729	PAIRED	PRJNA274775	Derivation of HLA types from shotgun sequence datasets	BCCAGSC	ftp.sra.ebi.ac.uk/vol1/fastq/SRR397/SRR397147/SRR397147_1.fastq.gz;ftp.sra.ebi.ac.uk/vol1/fastq/SRR397/SRR397147/SRR397147_2.fastq.gz	
SRR397148	SAMN00771123	A02730	Normal colon epithelium - Subject 0005-028	Illumina HiSeq 2000 sequencing: RNA-Seq analysis of A02730	PAIRED	PRJNA274775	Derivation of HLA types from shotgun sequence datasets	BCCAGSC	ftp.sra.ebi.ac.uk/vol1/fastq/SRR397/SRR397148/SRR397148_1.fastq.gz;ftp.sra.ebi.ac.uk/vol1/fastq/SRR397/SRR397148/SRR397148_2.fastq.gz	
SRR396907	SAMN00771098	A02705	Colorectal tumour - Subject 0005-043	Illumina HiSeq 2000 sequencing: RNA-Seq analysis of A02705	PAIRED	PRJNA274775	Derivation of HLA types from shotgun sequence datasets	BCCAGSC	ftp.sra.ebi.ac.uk/vol1/fastq/SRR396/SRR396907/SRR396907_1.fastq.gz;ftp.sra.ebi.ac.uk/vol1/fastq/SRR396/SRR396907/SRR396907_2.fastq.gz	
SRR397150	SAMN00771125	A02732	Normal colon epithelium - Subject 0005-031	Illumina HiSeq 2000 sequencing: RNA-Seq analysis of A02732	PAIRED	PRJNA274775	Derivation of HLA types from shotgun sequence datasets	BCCAGSC	ftp.sra.ebi.ac.uk/vol1/fastq/SRR397/SRR397150/SRR397150_1.fastq.gz;ftp.sra.ebi.ac.uk/vol1/fastq/SRR397/SRR397150/SRR397150_2.fastq.gz	
SRR397152	SAMN00771127	A02734	Normal colon epithelium - Subject 0005-033	Illumina HiSeq 2000 sequencing: RNA-Seq analysis of A02734	PAIRED	PRJNA274775	Derivation of HLA types from shotgun sequence datasets	BCCAGSC	ftp.sra.ebi.ac.uk/vol1/fastq/SRR397/SRR397152/SRR397152_1.fastq.gz;ftp.sra.ebi.ac.uk/vol1/fastq/SRR397/SRR397152/SRR397152_2.fastq.gz	
SRR396908	SAMN00771099	A02706	Colorectal tumour - Subject 0005-044	Illumina HiSeq 2000 sequencing: RNA-Seq analysis of A02706	PAIRED	PRJNA274775	Derivation of HLA types from shotgun sequence datasets	BCCAGSC	ftp.sra.ebi.ac.uk/vol1/fastq/SRR396/SRR396908/SRR396908_1.fastq.gz;ftp.sra.ebi.ac.uk/vol1/fastq/SRR396/SRR396908/SRR396908_2.fastq.gz	
SRR397153	SAMN00771128	A02735	Normal colon epithelium - Subject 0005-034	Illumina HiSeq 2000 sequencing: RNA-Seq analysis of A02735	PAIRED	PRJNA274775	Derivation of HLA types from shotgun sequence datasets	BCCAGSC	ftp.sra.ebi.ac.uk/vol1/fastq/SRR397/SRR397153/SRR397153_1.fastq.gz;ftp.sra.ebi.ac.uk/vol1/fastq/SRR397/SRR397153/SRR397153_2.fastq.gz	
SRR396914	SAMN00771105	A02712	Colorectal tumour - Subject 0005-054	Illumina HiSeq 2000 sequencing: RNA-Seq analysis of A02712	PAIRED	PRJNA274775	Derivation of HLA types from shotgun sequence datasets	BCCAGSC	ftp.sra.ebi.ac.uk/vol1/fastq/SRR396/SRR396914/SRR396914_1.fastq.gz;ftp.sra.ebi.ac.uk/vol1/fastq/SRR396/SRR396914/SRR396914_2.fastq.gz	
SRR397156	SAMN00771131	A02738	Normal colon epithelium - Subject 0005-037	Illumina HiSeq 2000 sequencing: RNA-Seq analysis of A02738	PAIRED	PRJNA274775	Derivation of HLA types from shotgun sequence datasets	BCCAGSC	ftp.sra.ebi.ac.uk/vol1/fastq/SRR397/SRR397156/SRR397156_1.fastq.gz;ftp.sra.ebi.ac.uk/vol1/fastq/SRR397/SRR397156/SRR397156_2.fastq.gz	
SRR397165	SAMN00771140	A02747	Normal colon epithelium - Subject 0005-053	Illumina HiSeq 2000 sequencing: RNA-Seq analysis of A02747	PAIRED	PRJNA274775	Derivation of HLA types from shotgun sequence datasets	BCCAGSC	ftp.sra.ebi.ac.uk/vol1/fastq/SRR397/SRR397165/SRR397165_1.fastq.gz;ftp.sra.ebi.ac.uk/vol1/fastq/SRR397/SRR397165/SRR397165_2.fastq.gz	
SRR396916	SAMN00771107	A02714	Colorectal tumour - Subject 0005-057	Illumina HiSeq 2000 sequencing: RNA-Seq analysis of A02714	PAIRED	PRJNA274775	Derivation of HLA types from shotgun sequence datasets	BCCAGSC	ftp.sra.ebi.ac.uk/vol1/fastq/SRR396/SRR396916/SRR396916_1.fastq.gz;ftp.sra.ebi.ac.uk/vol1/fastq/SRR396/SRR396916/SRR396916_2.fastq.gz	
SRR397172	SAMN00771147	A02754	Normal colon epithelium - Subject 0005-062	Illumina HiSeq 2000 sequencing: RNA-Seq analysis of A02754	PAIRED	PRJNA274775	Derivation of HLA types from shotgun sequence datasets	BCCAGSC	ftp.sra.ebi.ac.uk/vol1/fastq/SRR397/SRR397172/SRR397172_1.fastq.gz;ftp.sra.ebi.ac.uk/vol1/fastq/SRR397/SRR397172/SRR397172_2.fastq.gz	
SRR396919	SAMN00771110	A02717	Colorectal tumour - Subject 0005-060	Illumina HiSeq 2000 sequencing: RNA-Seq analysis of A02717	PAIRED	PRJNA274775	Derivation of HLA types from shotgun sequence datasets	BCCAGSC	ftp.sra.ebi.ac.uk/vol1/fastq/SRR396/SRR396919/SRR396919_1.fastq.gz;ftp.sra.ebi.ac.uk/vol1/fastq/SRR396/SRR396919/SRR396919_2.fastq.gz	
SRR397176	SAMN00771151	A04408	Colorectal tumour - Subject 0005-066	Illumina HiSeq 2000 sequencing: RNA-Seq analysis of A04408	PAIRED	PRJNA274775	Derivation of HLA types from shotgun sequence datasets	BCCAGSC	ftp.sra.ebi.ac.uk/vol1/fastq/SRR397/SRR397176/SRR397176_1.fastq.gz;ftp.sra.ebi.ac.uk/vol1/fastq/SRR397/SRR397176/SRR397176_2.fastq.gz	
SRR397181	SAMN00771156	A04413	Colorectal tumour - Subject 0005-071	Illumina HiSeq 2000 sequencing: RNA-Seq analysis of A04413	PAIRED	PRJNA274775	Derivation of HLA types from shotgun sequence datasets	BCCAGSC	ftp.sra.ebi.ac.uk/vol1/fastq/SRR397/SRR397181/SRR397181_1.fastq.gz;ftp.sra.ebi.ac.uk/vol1/fastq/SRR397/SRR397181/SRR397181_2.fastq.gz	
SRR396921	SAMN00771112	A02719	Colorectal tumour - Subject 0005-063	Illumina HiSeq 2000 sequencing: RNA-Seq analysis of A02719	PAIRED	PRJNA274775	Derivation of HLA types from shotgun sequence datasets	BCCAGSC	ftp.sra.ebi.ac.uk/vol1/fastq/SRR396/SRR396921/SRR396921_1.fastq.gz;ftp.sra.ebi.ac.uk/vol1/fastq/SRR396/SRR396921/SRR396921_2.fastq.gz	
SRR397182	SAMN00771157	A04414	Colorectal tumour - Subject 0005-073	Illumina HiSeq 2000 sequencing: RNA-Seq analysis of A04414	PAIRED	PRJNA274775	Derivation of HLA types from shotgun sequence datasets	BCCAGSC	ftp.sra.ebi.ac.uk/vol1/fastq/SRR397/SRR397182/SRR397182_1.fastq.gz;ftp.sra.ebi.ac.uk/vol1/fastq/SRR397/SRR397182/SRR397182_2.fastq.gz	
SRR396926	SAMN00771117	A02724	Normal colon epithelium - Subject 0005-017	Illumina HiSeq 2000 sequencing: RNA-Seq analysis of A02724	PAIRED	PRJNA274775	Derivation of HLA types from shotgun sequence datasets	BCCAGSC	ftp.sra.ebi.ac.uk/vol1/fastq/SRR396/SRR396926/SRR396926_1.fastq.gz;ftp.sra.ebi.ac.uk/vol1/fastq/SRR396/SRR396926/SRR396926_2.fastq.gz	
SRR397184	SAMN00771159	A04416	Colorectal tumour - Subject 0005-075	Illumina HiSeq 2000 sequencing: RNA-Seq analysis of A04416	PAIRED	PRJNA274775	Derivation of HLA types from shotgun sequence datasets	BCCAGSC	ftp.sra.ebi.ac.uk/vol1/fastq/SRR397/SRR397184/SRR397184_1.fastq.gz;ftp.sra.ebi.ac.uk/vol1/fastq/SRR397/SRR397184/SRR397184_2.fastq.gz	
SRR397199	SAMN00771174	A04432	Colorectal tumour - Subject 0005-095	Illumina HiSeq 2000 sequencing: RNA-Seq analysis of A04432	PAIRED	PRJNA274775	Derivation of HLA types from shotgun sequence datasets	BCCAGSC	ftp.sra.ebi.ac.uk/vol1/fastq/SRR397/SRR397199/SRR397199_1.fastq.gz;ftp.sra.ebi.ac.uk/vol1/fastq/SRR397/SRR397199/SRR397199_2.fastq.gz	
SRR397200	SAMN00771175	A04433	Colorectal tumour - Subject 0005-096	Illumina HiSeq 2000 sequencing: RNA-Seq analysis of A04433	PAIRED	PRJNA274775	Derivation of HLA types from shotgun sequence datasets	BCCAGSC	ftp.sra.ebi.ac.uk/vol1/fastq/SRR397/SRR397200/SRR397200_1.fastq.gz;ftp.sra.ebi.ac.uk/vol1/fastq/SRR397/SRR397200/SRR397200_2.fastq.gz	
SRR396927	SAMN00771118	A02725	Normal colon epithelium - Subject 0005-019	Illumina HiSeq 2000 sequencing: RNA-Seq analysis of A02725	PAIRED	PRJNA274775	Derivation of HLA types from shotgun sequence datasets	BCCAGSC	ftp.sra.ebi.ac.uk/vol1/fastq/SRR396/SRR396927/SRR396927_1.fastq.gz;ftp.sra.ebi.ac.uk/vol1/fastq/SRR396/SRR396927/SRR396927_2.fastq.gz	
SRR397201	SAMN00771176	A04434	Colorectal tumour - Subject 0005-097	Illumina HiSeq 2000 sequencing: RNA-Seq analysis of A04434	PAIRED	PRJNA274775	Derivation of HLA types from shotgun sequence datasets	BCCAGSC	ftp.sra.ebi.ac.uk/vol1/fastq/SRR397/SRR397201/SRR397201_1.fastq.gz;ftp.sra.ebi.ac.uk/vol1/fastq/SRR397/SRR397201/SRR397201_2.fastq.gz	
SRR397202	SAMN00771177	A04435	Colorectal tumour - Subject 0005-098	Illumina HiSeq 2000 sequencing: RNA-Seq analysis of A04435	PAIRED	PRJNA274775	Derivation of HLA types from shotgun sequence datasets	BCCAGSC	ftp.sra.ebi.ac.uk/vol1/fastq/SRR397/SRR397202/SRR397202_1.fastq.gz;ftp.sra.ebi.ac.uk/vol1/fastq/SRR397/SRR397202/SRR397202_2.fastq.gz	
SRR396930	SAMN00771121	A02728	Normal colon epithelium - Subject 0005-022	Illumina HiSeq 2000 sequencing: RNA-Seq analysis of A02728	PAIRED	PRJNA274775	Derivation of HLA types from shotgun sequence datasets	BCCAGSC	ftp.sra.ebi.ac.uk/vol1/fastq/SRR396/SRR396930/SRR396930_1.fastq.gz;ftp.sra.ebi.ac.uk/vol1/fastq/SRR396/SRR396930/SRR396930_2.fastq.gz	
SRR397204	SAMN00771179	A04437	Colorectal tumour - Subject 0005-100	Illumina HiSeq 2000 sequencing: RNA-Seq analysis of A04437	PAIRED	PRJNA274775	Derivation of HLA types from shotgun sequence datasets	BCCAGSC	ftp.sra.ebi.ac.uk/vol1/fastq/SRR397/SRR397204/SRR397204_1.fastq.gz;ftp.sra.ebi.ac.uk/vol1/fastq/SRR397/SRR397204/SRR397204_2.fastq.gz	
SRR396934	SAMN00771125	A02732	Normal colon epithelium - Subject 0005-031	Illumina HiSeq 2000 sequencing: RNA-Seq analysis of A02732	PAIRED	PRJNA274775	Derivation of HLA types from shotgun sequence datasets	BCCAGSC	ftp.sra.ebi.ac.uk/vol1/fastq/SRR396/SRR396934/SRR396934_1.fastq.gz;ftp.sra.ebi.ac.uk/vol1/fastq/SRR396/SRR396934/SRR396934_2.fastq.gz	
SRR397205	SAMN00771180	A04438	Colorectal tumour - Subject 0005-101	Illumina HiSeq 2000 sequencing: RNA-Seq analysis of A04438	PAIRED	PRJNA274775	Derivation of HLA types from shotgun sequence datasets	BCCAGSC	ftp.sra.ebi.ac.uk/vol1/fastq/SRR397/SRR397205/SRR397205_1.fastq.gz;ftp.sra.ebi.ac.uk/vol1/fastq/SRR397/SRR397205/SRR397205_2.fastq.gz	
SRR397209	SAMN00771184	A04442	Normal colon epithelium - Subject 0005-069	Illumina HiSeq 2000 sequencing: RNA-Seq analysis of A04442	PAIRED	PRJNA274775	Derivation of HLA types from shotgun sequence datasets	BCCAGSC	ftp.sra.ebi.ac.uk/vol1/fastq/SRR397/SRR397209/SRR397209_1.fastq.gz;ftp.sra.ebi.ac.uk/vol1/fastq/SRR397/SRR397209/SRR397209_2.fastq.gz	
SRR396939	SAMN00771130	A02737	Normal colon epithelium - Subject 0005-036	Illumina HiSeq 2000 sequencing: RNA-Seq analysis of A02737	PAIRED	PRJNA274775	Derivation of HLA types from shotgun sequence datasets	BCCAGSC	ftp.sra.ebi.ac.uk/vol1/fastq/SRR396/SRR396939/SRR396939_1.fastq.gz;ftp.sra.ebi.ac.uk/vol1/fastq/SRR396/SRR396939/SRR396939_2.fastq.gz	
SRR397210	SAMN00771185	A04443	Normal colon epithelium - Subject 0005-070	Illumina HiSeq 2000 sequencing: RNA-Seq analysis of A04443	PAIRED	PRJNA274775	Derivation of HLA types from shotgun sequence datasets	BCCAGSC	ftp.sra.ebi.ac.uk/vol1/fastq/SRR397/SRR397210/SRR397210_1.fastq.gz;ftp.sra.ebi.ac.uk/vol1/fastq/SRR397/SRR397210/SRR397210_2.fastq.gz	
SRR397212	SAMN00771187	A04445	Normal colon epithelium - Subject 0005-073	Illumina HiSeq 2000 sequencing: RNA-Seq analysis of A04445	PAIRED	PRJNA274775	Derivation of HLA types from shotgun sequence datasets	BCCAGSC	ftp.sra.ebi.ac.uk/vol1/fastq/SRR397/SRR397212/SRR397212_1.fastq.gz;ftp.sra.ebi.ac.uk/vol1/fastq/SRR397/SRR397212/SRR397212_2.fastq.gz	
SRR396942	SAMN00771133	A02740	Normal colon epithelium - Subject 0005-042	Illumina HiSeq 2000 sequencing: RNA-Seq analysis of A02740	PAIRED	PRJNA274775	Derivation of HLA types from shotgun sequence datasets	BCCAGSC	ftp.sra.ebi.ac.uk/vol1/fastq/SRR396/SRR396942/SRR396942_1.fastq.gz;ftp.sra.ebi.ac.uk/vol1/fastq/SRR396/SRR396942/SRR396942_2.fastq.gz	
SRR397216	SAMN00771191	A04450	Normal colon epithelium - Subject 0005-079	Illumina HiSeq 2000 sequencing: RNA-Seq analysis of A04450	PAIRED	PRJNA274775	Derivation of HLA types from shotgun sequence datasets	BCCAGSC	ftp.sra.ebi.ac.uk/vol1/fastq/SRR397/SRR397216/SRR397216_1.fastq.gz;ftp.sra.ebi.ac.uk/vol1/fastq/SRR397/SRR397216/SRR397216_2.fastq.gz	
SRR396949	SAMN00771140	A02747	Normal colon epithelium - Subject 0005-053	Illumina HiSeq 2000 sequencing: RNA-Seq analysis of A02747	PAIRED	PRJNA274775	Derivation of HLA types from shotgun sequence datasets	BCCAGSC	ftp.sra.ebi.ac.uk/vol1/fastq/SRR396/SRR396949/SRR396949_1.fastq.gz;ftp.sra.ebi.ac.uk/vol1/fastq/SRR396/SRR396949/SRR396949_2.fastq.gz	
SRR397218	SAMN00771193	A04452	Normal colon epithelium - Subject 0005-083	Illumina HiSeq 2000 sequencing: RNA-Seq analysis of A04452	PAIRED	PRJNA274775	Derivation of HLA types from shotgun sequence datasets	BCCAGSC	ftp.sra.ebi.ac.uk/vol1/fastq/SRR397/SRR397218/SRR397218_1.fastq.gz;ftp.sra.ebi.ac.uk/vol1/fastq/SRR397/SRR397218/SRR397218_2.fastq.gz	
SRR397221	SAMN00771196	A04455	Normal colon epithelium - Subject 0005-087	Illumina HiSeq 2000 sequencing: RNA-Seq analysis of A04455	PAIRED	PRJNA274775	Derivation of HLA types from shotgun sequence datasets	BCCAGSC	ftp.sra.ebi.ac.uk/vol1/fastq/SRR397/SRR397221/SRR397221_1.fastq.gz;ftp.sra.ebi.ac.uk/vol1/fastq/SRR397/SRR397221/SRR397221_2.fastq.gz	
SRR396950	SAMN00771141	A02748	Normal colon epithelium - Subject 0005-054	Illumina HiSeq 2000 sequencing: RNA-Seq analysis of A02748	PAIRED	PRJNA274775	Derivation of HLA types from shotgun sequence datasets	BCCAGSC	ftp.sra.ebi.ac.uk/vol1/fastq/SRR396/SRR396950/SRR396950_1.fastq.gz;ftp.sra.ebi.ac.uk/vol1/fastq/SRR396/SRR396950/SRR396950_2.fastq.gz	
SRR397222	SAMN00771197	A04456	Normal colon epithelium - Subject 0005-088	Illumina HiSeq 2000 sequencing: RNA-Seq analysis of A04456	PAIRED	PRJNA274775	Derivation of HLA types from shotgun sequence datasets	BCCAGSC	ftp.sra.ebi.ac.uk/vol1/fastq/SRR397/SRR397222/SRR397222_1.fastq.gz;ftp.sra.ebi.ac.uk/vol1/fastq/SRR397/SRR397222/SRR397222_2.fastq.gz	
SRR396955	SAMN00771146	A02753	Normal colon epithelium - Subject 0005-060	Illumina HiSeq 2000 sequencing: RNA-Seq analysis of A02753	PAIRED	PRJNA274775	Derivation of HLA types from shotgun sequence datasets	BCCAGSC	ftp.sra.ebi.ac.uk/vol1/fastq/SRR396/SRR396955/SRR396955_1.fastq.gz;ftp.sra.ebi.ac.uk/vol1/fastq/SRR396/SRR396955/SRR396955_2.fastq.gz	
SRR397223	SAMN00771198	A04457	Normal colon epithelium - Subject 0005-089	Illumina HiSeq 2000 sequencing: RNA-Seq analysis of A04457	PAIRED	PRJNA274775	Derivation of HLA types from shotgun sequence datasets	BCCAGSC	ftp.sra.ebi.ac.uk/vol1/fastq/SRR397/SRR397223/SRR397223_1.fastq.gz;ftp.sra.ebi.ac.uk/vol1/fastq/SRR397/SRR397223/SRR397223_2.fastq.gz	
SRR396956	SAMN00771147	A02754	Normal colon epithelium - Subject 0005-062	Illumina HiSeq 2000 sequencing: RNA-Seq analysis of A02754	PAIRED	PRJNA274775	Derivation of HLA types from shotgun sequence datasets	BCCAGSC	ftp.sra.ebi.ac.uk/vol1/fastq/SRR396/SRR396956/SRR396956_1.fastq.gz;ftp.sra.ebi.ac.uk/vol1/fastq/SRR396/SRR396956/SRR396956_2.fastq.gz	
SRR397224	SAMN00771199	A04458	Normal colon epithelium - Subject 0005-090	Illumina HiSeq 2000 sequencing: RNA-Seq analysis of A04458	PAIRED	PRJNA274775	Derivation of HLA types from shotgun sequence datasets	BCCAGSC	ftp.sra.ebi.ac.uk/vol1/fastq/SRR397/SRR397224/SRR397224_1.fastq.gz;ftp.sra.ebi.ac.uk/vol1/fastq/SRR397/SRR397224/SRR397224_2.fastq.gz	
SRR396957	SAMN00771148	A02755	Normal colon epithelium - Subject 0005-063	Illumina HiSeq 2000 sequencing: RNA-Seq analysis of A02755	PAIRED	PRJNA274775	Derivation of HLA types from shotgun sequence datasets	BCCAGSC	ftp.sra.ebi.ac.uk/vol1/fastq/SRR396/SRR396957/SRR396957_1.fastq.gz;ftp.sra.ebi.ac.uk/vol1/fastq/SRR396/SRR396957/SRR396957_2.fastq.gz	
SRR397225	SAMN00771200	A04459	Normal colon epithelium - Subject 0005-091	Illumina HiSeq 2000 sequencing: RNA-Seq analysis of A04459	PAIRED	PRJNA274775	Derivation of HLA types from shotgun sequence datasets	BCCAGSC	ftp.sra.ebi.ac.uk/vol1/fastq/SRR397/SRR397225/SRR397225_1.fastq.gz;ftp.sra.ebi.ac.uk/vol1/fastq/SRR397/SRR397225/SRR397225_2.fastq.gz	
SRR396961	SAMN00771080	A02687	Colorectal tumour - Subject 0005-014	Illumina HiSeq 2000 sequencing: RNA-Seq analysis of A02687	PAIRED	PRJNA274775	Derivation of HLA types from shotgun sequence datasets	BCCAGSC	ftp.sra.ebi.ac.uk/vol1/fastq/SRR396/SRR396961/SRR396961_1.fastq.gz;ftp.sra.ebi.ac.uk/vol1/fastq/SRR396/SRR396961/SRR396961_2.fastq.gz	
SRR397226	SAMN00771201	A04460	Normal colon epithelium - Subject 0005-092	Illumina HiSeq 2000 sequencing: RNA-Seq analysis of A04460	PAIRED	PRJNA274775	Derivation of HLA types from shotgun sequence datasets	BCCAGSC	ftp.sra.ebi.ac.uk/vol1/fastq/SRR397/SRR397226/SRR397226_1.fastq.gz;ftp.sra.ebi.ac.uk/vol1/fastq/SRR397/SRR397226/SRR397226_2.fastq.gz	
SRR396962	SAMN00771081	A02688	Colorectal tumour - Subject 0005-017	Illumina HiSeq 2000 sequencing: RNA-Seq analysis of A02688	PAIRED	PRJNA274775	Derivation of HLA types from shotgun sequence datasets	BCCAGSC	ftp.sra.ebi.ac.uk/vol1/fastq/SRR396/SRR396962/SRR396962_1.fastq.gz;ftp.sra.ebi.ac.uk/vol1/fastq/SRR396/SRR396962/SRR396962_2.fastq.gz	
SRR397235	SAMN00771210	A04469	Normal colon epithelium - Subject 0005-101	Illumina HiSeq 2000 sequencing: RNA-Seq analysis of A04469	PAIRED	PRJNA274775	Derivation of HLA types from shotgun sequence datasets	BCCAGSC	ftp.sra.ebi.ac.uk/vol1/fastq/SRR397/SRR397235/SRR397235_1.fastq.gz;ftp.sra.ebi.ac.uk/vol1/fastq/SRR397/SRR397235/SRR397235_2.fastq.gz	
SRR396966	SAMN00771085	A02692	Colorectal tumour - Subject 0005-022	Illumina HiSeq 2000 sequencing: RNA-Seq analysis of A02692	PAIRED	PRJNA274775	Derivation of HLA types from shotgun sequence datasets	BCCAGSC	ftp.sra.ebi.ac.uk/vol1/fastq/SRR396/SRR396966/SRR396966_1.fastq.gz;ftp.sra.ebi.ac.uk/vol1/fastq/SRR396/SRR396966/SRR396966_2.fastq.gz	
SRR397237	SAMN00771152	A04409	Colorectal tumour - Subject 0005-067	Illumina HiSeq 2000 sequencing: RNA-Seq analysis of A04409	PAIRED	PRJNA274775	Derivation of HLA types from shotgun sequence datasets	BCCAGSC	ftp.sra.ebi.ac.uk/vol1/fastq/SRR397/SRR397237/SRR397237_1.fastq.gz;ftp.sra.ebi.ac.uk/vol1/fastq/SRR397/SRR397237/SRR397237_2.fastq.gz	
SRR397239	SAMN00771154	A04411	Colorectal tumour - Subject 0005-069	Illumina HiSeq 2000 sequencing: RNA-Seq analysis of A04411	PAIRED	PRJNA274775	Derivation of HLA types from shotgun sequence datasets	BCCAGSC	ftp.sra.ebi.ac.uk/vol1/fastq/SRR397/SRR397239/SRR397239_1.fastq.gz;ftp.sra.ebi.ac.uk/vol1/fastq/SRR397/SRR397239/SRR397239_2.fastq.gz	
SRR396967	SAMN00771086	A02693	Colorectal tumour - Subject 0005-027	Illumina HiSeq 2000 sequencing: RNA-Seq analysis of A02693	PAIRED	PRJNA274775	Derivation of HLA types from shotgun sequence datasets	BCCAGSC	ftp.sra.ebi.ac.uk/vol1/fastq/SRR396/SRR396967/SRR396967_1.fastq.gz;ftp.sra.ebi.ac.uk/vol1/fastq/SRR396/SRR396967/SRR396967_2.fastq.gz	
SRR397240	SAMN00771155	A04412	Colorectal tumour - Subject 0005-070	Illumina HiSeq 2000 sequencing: RNA-Seq analysis of A04412	PAIRED	PRJNA274775	Derivation of HLA types from shotgun sequence datasets	BCCAGSC	ftp.sra.ebi.ac.uk/vol1/fastq/SRR397/SRR397240/SRR397240_1.fastq.gz;ftp.sra.ebi.ac.uk/vol1/fastq/SRR397/SRR397240/SRR397240_2.fastq.gz	
SRR396971	SAMN00771090	A02697	Colorectal tumour - Subject 0005-032	Illumina HiSeq 2000 sequencing: RNA-Seq analysis of A02697	PAIRED	PRJNA274775	Derivation of HLA types from shotgun sequence datasets	BCCAGSC	ftp.sra.ebi.ac.uk/vol1/fastq/SRR396/SRR396971/SRR396971_1.fastq.gz;ftp.sra.ebi.ac.uk/vol1/fastq/SRR396/SRR396971/SRR396971_2.fastq.gz	
SRR397244	SAMN00771159	A04416	Colorectal tumour - Subject 0005-075	Illumina HiSeq 2000 sequencing: RNA-Seq analysis of A04416	PAIRED	PRJNA274775	Derivation of HLA types from shotgun sequence datasets	BCCAGSC	ftp.sra.ebi.ac.uk/vol1/fastq/SRR397/SRR397244/SRR397244_1.fastq.gz;ftp.sra.ebi.ac.uk/vol1/fastq/SRR397/SRR397244/SRR397244_2.fastq.gz	
SRR396972	SAMN00771091	A02698	Colorectal tumour - Subject 0005-033	Illumina HiSeq 2000 sequencing: RNA-Seq analysis of A02698	PAIRED	PRJNA274775	Derivation of HLA types from shotgun sequence datasets	BCCAGSC	ftp.sra.ebi.ac.uk/vol1/fastq/SRR396/SRR396972/SRR396972_1.fastq.gz;ftp.sra.ebi.ac.uk/vol1/fastq/SRR396/SRR396972/SRR396972_2.fastq.gz	
SRR397245	SAMN00771160	A04417	Colorectal tumour - Subject 0005-076	Illumina HiSeq 2000 sequencing: RNA-Seq analysis of A04417	PAIRED	PRJNA274775	Derivation of HLA types from shotgun sequence datasets	BCCAGSC	ftp.sra.ebi.ac.uk/vol1/fastq/SRR397/SRR397245/SRR397245_1.fastq.gz;ftp.sra.ebi.ac.uk/vol1/fastq/SRR397/SRR397245/SRR397245_2.fastq.gz	
SRR397246	SAMN00771161	A04419	Colorectal tumour - Subject 0005-079	Illumina HiSeq 2000 sequencing: RNA-Seq analysis of A04419	PAIRED	PRJNA274775	Derivation of HLA types from shotgun sequence datasets	BCCAGSC	ftp.sra.ebi.ac.uk/vol1/fastq/SRR397/SRR397246/SRR397246_1.fastq.gz;ftp.sra.ebi.ac.uk/vol1/fastq/SRR397/SRR397246/SRR397246_2.fastq.gz	
SRR396974	SAMN00771093	A02700	Colorectal tumour - Subject 0005-035	Illumina HiSeq 2000 sequencing: RNA-Seq analysis of A02700	PAIRED	PRJNA274775	Derivation of HLA types from shotgun sequence datasets	BCCAGSC	ftp.sra.ebi.ac.uk/vol1/fastq/SRR396/SRR396974/SRR396974_1.fastq.gz;ftp.sra.ebi.ac.uk/vol1/fastq/SRR396/SRR396974/SRR396974_2.fastq.gz	
SRR397257	SAMN00771172	A04430	Colorectal tumour - Subject 0005-093	Illumina HiSeq 2000 sequencing: RNA-Seq analysis of A04430	PAIRED	PRJNA274775	Derivation of HLA types from shotgun sequence datasets	BCCAGSC	ftp.sra.ebi.ac.uk/vol1/fastq/SRR397/SRR397257/SRR397257_1.fastq.gz;ftp.sra.ebi.ac.uk/vol1/fastq/SRR397/SRR397257/SRR397257_2.fastq.gz	
SRR397259	SAMN00771174	A04432	Colorectal tumour - Subject 0005-095	Illumina HiSeq 2000 sequencing: RNA-Seq analysis of A04432	PAIRED	PRJNA274775	Derivation of HLA types from shotgun sequence datasets	BCCAGSC	ftp.sra.ebi.ac.uk/vol1/fastq/SRR397/SRR397259/SRR397259_1.fastq.gz;ftp.sra.ebi.ac.uk/vol1/fastq/SRR397/SRR397259/SRR397259_2.fastq.gz	
SRR396976	SAMN00771095	A02702	Colorectal tumour - Subject 0005-037	Illumina HiSeq 2000 sequencing: RNA-Seq analysis of A02702	PAIRED	PRJNA274775	Derivation of HLA types from shotgun sequence datasets	BCCAGSC	ftp.sra.ebi.ac.uk/vol1/fastq/SRR396/SRR396976/SRR396976_1.fastq.gz;ftp.sra.ebi.ac.uk/vol1/fastq/SRR396/SRR396976/SRR396976_2.fastq.gz	
SRR396977	SAMN00771096	A02703	Colorectal tumour - Subject 0005-040	Illumina HiSeq 2000 sequencing: RNA-Seq analysis of A02703	PAIRED	PRJNA274775	Derivation of HLA types from shotgun sequence datasets	BCCAGSC	ftp.sra.ebi.ac.uk/vol1/fastq/SRR396/SRR396977/SRR396977_1.fastq.gz;ftp.sra.ebi.ac.uk/vol1/fastq/SRR396/SRR396977/SRR396977_2.fastq.gz	
SRR397263	SAMN00771178	A04436	Colorectal tumour - Subject 0005-099	Illumina HiSeq 2000 sequencing: RNA-Seq analysis of A04436	PAIRED	PRJNA274775	Derivation of HLA types from shotgun sequence datasets	BCCAGSC	ftp.sra.ebi.ac.uk/vol1/fastq/SRR397/SRR397263/SRR397263_1.fastq.gz;ftp.sra.ebi.ac.uk/vol1/fastq/SRR397/SRR397263/SRR397263_2.fastq.gz	
SRR396981	SAMN00771100	A02707	Colorectal tumour - Subject 0005-047	Illumina HiSeq 2000 sequencing: RNA-Seq analysis of A02707	PAIRED	PRJNA274775	Derivation of HLA types from shotgun sequence datasets	BCCAGSC	ftp.sra.ebi.ac.uk/vol1/fastq/SRR396/SRR396981/SRR396981_1.fastq.gz;ftp.sra.ebi.ac.uk/vol1/fastq/SRR396/SRR396981/SRR396981_2.fastq.gz	
SRR397266	SAMN00771181	A04439	Normal colon epithelium - Subject 0005-066	Illumina HiSeq 2000 sequencing: RNA-Seq analysis of A04439	PAIRED	PRJNA274775	Derivation of HLA types from shotgun sequence datasets	BCCAGSC	ftp.sra.ebi.ac.uk/vol1/fastq/SRR397/SRR397266/SRR397266_1.fastq.gz;ftp.sra.ebi.ac.uk/vol1/fastq/SRR397/SRR397266/SRR397266_2.fastq.gz	
SRR397272	SAMN00771187	A04445	Normal colon epithelium - Subject 0005-073	Illumina HiSeq 2000 sequencing: RNA-Seq analysis of A04445	PAIRED	PRJNA274775	Derivation of HLA types from shotgun sequence datasets	BCCAGSC	ftp.sra.ebi.ac.uk/vol1/fastq/SRR397/SRR397272/SRR397272_1.fastq.gz;ftp.sra.ebi.ac.uk/vol1/fastq/SRR397/SRR397272/SRR397272_2.fastq.gz	
SRR397273	SAMN00771188	A04446	Normal colon epithelium - Subject 0005-074	Illumina HiSeq 2000 sequencing: RNA-Seq analysis of A04446	PAIRED	PRJNA274775	Derivation of HLA types from shotgun sequence datasets	BCCAGSC	ftp.sra.ebi.ac.uk/vol1/fastq/SRR397/SRR397273/SRR397273_1.fastq.gz;ftp.sra.ebi.ac.uk/vol1/fastq/SRR397/SRR397273/SRR397273_2.fastq.gz	
SRR396982	SAMN00771101	A02708	Colorectal tumour - Subject 0005-049	Illumina HiSeq 2000 sequencing: RNA-Seq analysis of A02708	PAIRED	PRJNA274775	Derivation of HLA types from shotgun sequence datasets	BCCAGSC	ftp.sra.ebi.ac.uk/vol1/fastq/SRR396/SRR396982/SRR396982_1.fastq.gz;ftp.sra.ebi.ac.uk/vol1/fastq/SRR396/SRR396982/SRR396982_2.fastq.gz	
SRR397277	SAMN00771192	A04451	Normal colon epithelium - Subject 0005-081	Illumina HiSeq 2000 sequencing: RNA-Seq analysis of A04451	PAIRED	PRJNA274775	Derivation of HLA types from shotgun sequence datasets	BCCAGSC	ftp.sra.ebi.ac.uk/vol1/fastq/SRR397/SRR397277/SRR397277_1.fastq.gz;ftp.sra.ebi.ac.uk/vol1/fastq/SRR397/SRR397277/SRR397277_2.fastq.gz	
SRR396985	SAMN00771104	A02711	Colorectal tumour - Subject 0005-053	Illumina HiSeq 2000 sequencing: RNA-Seq analysis of A02711	PAIRED	PRJNA274775	Derivation of HLA types from shotgun sequence datasets	BCCAGSC	ftp.sra.ebi.ac.uk/vol1/fastq/SRR396/SRR396985/SRR396985_1.fastq.gz;ftp.sra.ebi.ac.uk/vol1/fastq/SRR396/SRR396985/SRR396985_2.fastq.gz	
SRR397283	SAMN00771198	A04457	Normal colon epithelium - Subject 0005-089	Illumina HiSeq 2000 sequencing: RNA-Seq analysis of A04457	PAIRED	PRJNA274775	Derivation of HLA types from shotgun sequence datasets	BCCAGSC	ftp.sra.ebi.ac.uk/vol1/fastq/SRR397/SRR397283/SRR397283_1.fastq.gz;ftp.sra.ebi.ac.uk/vol1/fastq/SRR397/SRR397283/SRR397283_2.fastq.gz	
SRR397284	SAMN00771199	A04458	Normal colon epithelium - Subject 0005-090	Illumina HiSeq 2000 sequencing: RNA-Seq analysis of A04458	PAIRED	PRJNA274775	Derivation of HLA types from shotgun sequence datasets	BCCAGSC	ftp.sra.ebi.ac.uk/vol1/fastq/SRR397/SRR397284/SRR397284_1.fastq.gz;ftp.sra.ebi.ac.uk/vol1/fastq/SRR397/SRR397284/SRR397284_2.fastq.gz	
SRR396987	SAMN00771106	A02713	Colorectal tumour - Subject 0005-056	Illumina HiSeq 2000 sequencing: RNA-Seq analysis of A02713	PAIRED	PRJNA274775	Derivation of HLA types from shotgun sequence datasets	BCCAGSC	ftp.sra.ebi.ac.uk/vol1/fastq/SRR396/SRR396987/SRR396987_1.fastq.gz;ftp.sra.ebi.ac.uk/vol1/fastq/SRR396/SRR396987/SRR396987_2.fastq.gz	
SRR397285	SAMN00771200	A04459	Normal colon epithelium - Subject 0005-091	Illumina HiSeq 2000 sequencing: RNA-Seq analysis of A04459	PAIRED	PRJNA274775	Derivation of HLA types from shotgun sequence datasets	BCCAGSC	ftp.sra.ebi.ac.uk/vol1/fastq/SRR397/SRR397285/SRR397285_1.fastq.gz;ftp.sra.ebi.ac.uk/vol1/fastq/SRR397/SRR397285/SRR397285_2.fastq.gz	
SRR396988	SAMN00771107	A02714	Colorectal tumour - Subject 0005-057	Illumina HiSeq 2000 sequencing: RNA-Seq analysis of A02714	PAIRED	PRJNA274775	Derivation of HLA types from shotgun sequence datasets	BCCAGSC	ftp.sra.ebi.ac.uk/vol1/fastq/SRR396/SRR396988/SRR396988_1.fastq.gz;ftp.sra.ebi.ac.uk/vol1/fastq/SRR396/SRR396988/SRR396988_2.fastq.gz	
SRR397286	SAMN00771201	A04460	Normal colon epithelium - Subject 0005-092	Illumina HiSeq 2000 sequencing: RNA-Seq analysis of A04460	PAIRED	PRJNA274775	Derivation of HLA types from shotgun sequence datasets	BCCAGSC	ftp.sra.ebi.ac.uk/vol1/fastq/SRR397/SRR397286/SRR397286_1.fastq.gz;ftp.sra.ebi.ac.uk/vol1/fastq/SRR397/SRR397286/SRR397286_2.fastq.gz	
SRR396989	SAMN00771108	A02715	Colorectal tumour - Subject 0005-058	Illumina HiSeq 2000 sequencing: RNA-Seq analysis of A02715	PAIRED	PRJNA274775	Derivation of HLA types from shotgun sequence datasets	BCCAGSC	ftp.sra.ebi.ac.uk/vol1/fastq/SRR396/SRR396989/SRR396989_1.fastq.gz;ftp.sra.ebi.ac.uk/vol1/fastq/SRR396/SRR396989/SRR396989_2.fastq.gz	
SRR397288	SAMN00771203	A04462	Normal colon epithelium - Subject 0005-094	Illumina HiSeq 2000 sequencing: RNA-Seq analysis of A04462	PAIRED	PRJNA274775	Derivation of HLA types from shotgun sequence datasets	BCCAGSC	ftp.sra.ebi.ac.uk/vol1/fastq/SRR397/SRR397288/SRR397288_1.fastq.gz;ftp.sra.ebi.ac.uk/vol1/fastq/SRR397/SRR397288/SRR397288_2.fastq.gz	
SRR396990	SAMN00771109	A02716	Colorectal tumour - Subject 0005-059	Illumina HiSeq 2000 sequencing: RNA-Seq analysis of A02716	PAIRED	PRJNA274775	Derivation of HLA types from shotgun sequence datasets	BCCAGSC	ftp.sra.ebi.ac.uk/vol1/fastq/SRR396/SRR396990/SRR396990_1.fastq.gz;ftp.sra.ebi.ac.uk/vol1/fastq/SRR396/SRR396990/SRR396990_2.fastq.gz	
SRR397297	SAMN00771152	A04409	Colorectal tumour - Subject 0005-067	Illumina HiSeq 2000 sequencing: RNA-Seq analysis of A04409	PAIRED	PRJNA274775	Derivation of HLA types from shotgun sequence datasets	BCCAGSC	ftp.sra.ebi.ac.uk/vol1/fastq/SRR397/SRR397297/SRR397297_1.fastq.gz;ftp.sra.ebi.ac.uk/vol1/fastq/SRR397/SRR397297/SRR397297_2.fastq.gz	
SRR397299	SAMN00771154	A04411	Colorectal tumour - Subject 0005-069	Illumina HiSeq 2000 sequencing: RNA-Seq analysis of A04411	PAIRED	PRJNA274775	Derivation of HLA types from shotgun sequence datasets	BCCAGSC	ftp.sra.ebi.ac.uk/vol1/fastq/SRR397/SRR397299/SRR397299_1.fastq.gz;ftp.sra.ebi.ac.uk/vol1/fastq/SRR397/SRR397299/SRR397299_2.fastq.gz	
SRR397301	SAMN00771156	A04413	Colorectal tumour - Subject 0005-071	Illumina HiSeq 2000 sequencing: RNA-Seq analysis of A04413	PAIRED	PRJNA274775	Derivation of HLA types from shotgun sequence datasets	BCCAGSC	ftp.sra.ebi.ac.uk/vol1/fastq/SRR397/SRR397301/SRR397301_1.fastq.gz;ftp.sra.ebi.ac.uk/vol1/fastq/SRR397/SRR397301/SRR397301_2.fastq.gz	
SRR396991	SAMN00771110	A02717	Colorectal tumour - Subject 0005-060	Illumina HiSeq 2000 sequencing: RNA-Seq analysis of A02717	PAIRED	PRJNA274775	Derivation of HLA types from shotgun sequence datasets	BCCAGSC	ftp.sra.ebi.ac.uk/vol1/fastq/SRR396/SRR396991/SRR396991_1.fastq.gz;ftp.sra.ebi.ac.uk/vol1/fastq/SRR396/SRR396991/SRR396991_2.fastq.gz	
SRR397305	SAMN00771160	A04417	Colorectal tumour - Subject 0005-076	Illumina HiSeq 2000 sequencing: RNA-Seq analysis of A04417	PAIRED	PRJNA274775	Derivation of HLA types from shotgun sequence datasets	BCCAGSC	ftp.sra.ebi.ac.uk/vol1/fastq/SRR397/SRR397305/SRR397305_1.fastq.gz;ftp.sra.ebi.ac.uk/vol1/fastq/SRR397/SRR397305/SRR397305_2.fastq.gz	
SRR397313	SAMN00771168	A04426	Colorectal tumour - Subject 0005-089	Illumina HiSeq 2000 sequencing: RNA-Seq analysis of A04426	PAIRED	PRJNA274775	Derivation of HLA types from shotgun sequence datasets	BCCAGSC	ftp.sra.ebi.ac.uk/vol1/fastq/SRR397/SRR397313/SRR397313_1.fastq.gz;ftp.sra.ebi.ac.uk/vol1/fastq/SRR397/SRR397313/SRR397313_2.fastq.gz	
SRR396992	SAMN00771111	A02718	Colorectal tumour - Subject 0005-062	Illumina HiSeq 2000 sequencing: RNA-Seq analysis of A02718	PAIRED	PRJNA274775	Derivation of HLA types from shotgun sequence datasets	BCCAGSC	ftp.sra.ebi.ac.uk/vol1/fastq/SRR396/SRR396992/SRR396992_1.fastq.gz;ftp.sra.ebi.ac.uk/vol1/fastq/SRR396/SRR396992/SRR396992_2.fastq.gz	
SRR397319	SAMN00771174	A04432	Colorectal tumour - Subject 0005-095	Illumina HiSeq 2000 sequencing: RNA-Seq analysis of A04432	PAIRED	PRJNA274775	Derivation of HLA types from shotgun sequence datasets	BCCAGSC	ftp.sra.ebi.ac.uk/vol1/fastq/SRR397/SRR397319/SRR397319_1.fastq.gz;ftp.sra.ebi.ac.uk/vol1/fastq/SRR397/SRR397319/SRR397319_2.fastq.gz	
SRR396993	SAMN00771112	A02719	Colorectal tumour - Subject 0005-063	Illumina HiSeq 2000 sequencing: RNA-Seq analysis of A02719	PAIRED	PRJNA274775	Derivation of HLA types from shotgun sequence datasets	BCCAGSC	ftp.sra.ebi.ac.uk/vol1/fastq/SRR396/SRR396993/SRR396993_1.fastq.gz;ftp.sra.ebi.ac.uk/vol1/fastq/SRR396/SRR396993/SRR396993_2.fastq.gz	
SRR397321	SAMN00771176	A04434	Colorectal tumour - Subject 0005-097	Illumina HiSeq 2000 sequencing: RNA-Seq analysis of A04434	PAIRED	PRJNA274775	Derivation of HLA types from shotgun sequence datasets	BCCAGSC	ftp.sra.ebi.ac.uk/vol1/fastq/SRR397/SRR397321/SRR397321_1.fastq.gz;ftp.sra.ebi.ac.uk/vol1/fastq/SRR397/SRR397321/SRR397321_2.fastq.gz	
SRR397322	SAMN00771177	A04435	Colorectal tumour - Subject 0005-098	Illumina HiSeq 2000 sequencing: RNA-Seq analysis of A04435	PAIRED	PRJNA274775	Derivation of HLA types from shotgun sequence datasets	BCCAGSC	ftp.sra.ebi.ac.uk/vol1/fastq/SRR397/SRR397322/SRR397322_1.fastq.gz;ftp.sra.ebi.ac.uk/vol1/fastq/SRR397/SRR397322/SRR397322_2.fastq.gz	
SRR396994	SAMN00771113	A02720	Colorectal tumour - Subject 0005-064	Illumina HiSeq 2000 sequencing: RNA-Seq analysis of A02720	PAIRED	PRJNA274775	Derivation of HLA types from shotgun sequence datasets	BCCAGSC	ftp.sra.ebi.ac.uk/vol1/fastq/SRR396/SRR396994/SRR396994_1.fastq.gz;ftp.sra.ebi.ac.uk/vol1/fastq/SRR396/SRR396994/SRR396994_2.fastq.gz	
SRR397325	SAMN00771180	A04438	Colorectal tumour - Subject 0005-101	Illumina HiSeq 2000 sequencing: RNA-Seq analysis of A04438	PAIRED	PRJNA274775	Derivation of HLA types from shotgun sequence datasets	BCCAGSC	ftp.sra.ebi.ac.uk/vol1/fastq/SRR397/SRR397325/SRR397325_1.fastq.gz;ftp.sra.ebi.ac.uk/vol1/fastq/SRR397/SRR397325/SRR397325_2.fastq.gz	
SRR396997	SAMN00771116	A02723	Normal colon epithelium - Subject 0005-014	Illumina HiSeq 2000 sequencing: RNA-Seq analysis of A02723	PAIRED	PRJNA274775	Derivation of HLA types from shotgun sequence datasets	BCCAGSC	ftp.sra.ebi.ac.uk/vol1/fastq/SRR396/SRR396997/SRR396997_1.fastq.gz;ftp.sra.ebi.ac.uk/vol1/fastq/SRR396/SRR396997/SRR396997_2.fastq.gz	
SRR397327	SAMN00771182	A04440	Normal colon epithelium - Subject 0005-067	Illumina HiSeq 2000 sequencing: RNA-Seq analysis of A04440	PAIRED	PRJNA274775	Derivation of HLA types from shotgun sequence datasets	BCCAGSC	ftp.sra.ebi.ac.uk/vol1/fastq/SRR397/SRR397327/SRR397327_1.fastq.gz;ftp.sra.ebi.ac.uk/vol1/fastq/SRR397/SRR397327/SRR397327_2.fastq.gz	
SRR397328	SAMN00771183	A04441	Normal colon epithelium - Subject 0005-068	Illumina HiSeq 2000 sequencing: RNA-Seq analysis of A04441	PAIRED	PRJNA274775	Derivation of HLA types from shotgun sequence datasets	BCCAGSC	ftp.sra.ebi.ac.uk/vol1/fastq/SRR397/SRR397328/SRR397328_1.fastq.gz;ftp.sra.ebi.ac.uk/vol1/fastq/SRR397/SRR397328/SRR397328_2.fastq.gz	
SRR397004	SAMN00771123	A02730	Normal colon epithelium - Subject 0005-028	Illumina HiSeq 2000 sequencing: RNA-Seq analysis of A02730	PAIRED	PRJNA274775	Derivation of HLA types from shotgun sequence datasets	BCCAGSC	ftp.sra.ebi.ac.uk/vol1/fastq/SRR397/SRR397004/SRR397004_1.fastq.gz;ftp.sra.ebi.ac.uk/vol1/fastq/SRR397/SRR397004/SRR397004_2.fastq.gz	
SRR397329	SAMN00771184	A04442	Normal colon epithelium - Subject 0005-069	Illumina HiSeq 2000 sequencing: RNA-Seq analysis of A04442	PAIRED	PRJNA274775	Derivation of HLA types from shotgun sequence datasets	BCCAGSC	ftp.sra.ebi.ac.uk/vol1/fastq/SRR397/SRR397329/SRR397329_1.fastq.gz;ftp.sra.ebi.ac.uk/vol1/fastq/SRR397/SRR397329/SRR397329_2.fastq.gz	
SRR397007	SAMN00771126	A02733	Normal colon epithelium - Subject 0005-032	Illumina HiSeq 2000 sequencing: RNA-Seq analysis of A02733	PAIRED	PRJNA274775	Derivation of HLA types from shotgun sequence datasets	BCCAGSC	ftp.sra.ebi.ac.uk/vol1/fastq/SRR397/SRR397007/SRR397007_1.fastq.gz;ftp.sra.ebi.ac.uk/vol1/fastq/SRR397/SRR397007/SRR397007_2.fastq.gz	
SRR397331	SAMN00771186	A04444	Normal colon epithelium - Subject 0005-071	Illumina HiSeq 2000 sequencing: RNA-Seq analysis of A04444	PAIRED	PRJNA274775	Derivation of HLA types from shotgun sequence datasets	BCCAGSC	ftp.sra.ebi.ac.uk/vol1/fastq/SRR397/SRR397331/SRR397331_1.fastq.gz;ftp.sra.ebi.ac.uk/vol1/fastq/SRR397/SRR397331/SRR397331_2.fastq.gz	
SRR397332	SAMN00771187	A04445	Normal colon epithelium - Subject 0005-073	Illumina HiSeq 2000 sequencing: RNA-Seq analysis of A04445	PAIRED	PRJNA274775	Derivation of HLA types from shotgun sequence datasets	BCCAGSC	ftp.sra.ebi.ac.uk/vol1/fastq/SRR397/SRR397332/SRR397332_1.fastq.gz;ftp.sra.ebi.ac.uk/vol1/fastq/SRR397/SRR397332/SRR397332_2.fastq.gz	
SRR397008	SAMN00771127	A02734	Normal colon epithelium - Subject 0005-033	Illumina HiSeq 2000 sequencing: RNA-Seq analysis of A02734	PAIRED	PRJNA274775	Derivation of HLA types from shotgun sequence datasets	BCCAGSC	ftp.sra.ebi.ac.uk/vol1/fastq/SRR397/SRR397008/SRR397008_1.fastq.gz;ftp.sra.ebi.ac.uk/vol1/fastq/SRR397/SRR397008/SRR397008_2.fastq.gz	
SRR397335	SAMN00771190	A04448	Normal colon epithelium - Subject 0005-076	Illumina HiSeq 2000 sequencing: RNA-Seq analysis of A04448	PAIRED	PRJNA274775	Derivation of HLA types from shotgun sequence datasets	BCCAGSC	ftp.sra.ebi.ac.uk/vol1/fastq/SRR397/SRR397335/SRR397335_1.fastq.gz;ftp.sra.ebi.ac.uk/vol1/fastq/SRR397/SRR397335/SRR397335_2.fastq.gz	
SRR397012	SAMN00771131	A02738	Normal colon epithelium - Subject 0005-037	Illumina HiSeq 2000 sequencing: RNA-Seq analysis of A02738	PAIRED	PRJNA274775	Derivation of HLA types from shotgun sequence datasets	BCCAGSC	ftp.sra.ebi.ac.uk/vol1/fastq/SRR397/SRR397012/SRR397012_1.fastq.gz;ftp.sra.ebi.ac.uk/vol1/fastq/SRR397/SRR397012/SRR397012_2.fastq.gz	
SRR397338	SAMN00771193	A04452	Normal colon epithelium - Subject 0005-083	Illumina HiSeq 2000 sequencing: RNA-Seq analysis of A04452	PAIRED	PRJNA274775	Derivation of HLA types from shotgun sequence datasets	BCCAGSC	ftp.sra.ebi.ac.uk/vol1/fastq/SRR397/SRR397338/SRR397338_1.fastq.gz;ftp.sra.ebi.ac.uk/vol1/fastq/SRR397/SRR397338/SRR397338_2.fastq.gz	
SRR397341	SAMN00771196	A04455	Normal colon epithelium - Subject 0005-087	Illumina HiSeq 2000 sequencing: RNA-Seq analysis of A04455	PAIRED	PRJNA274775	Derivation of HLA types from shotgun sequence datasets	BCCAGSC	ftp.sra.ebi.ac.uk/vol1/fastq/SRR397/SRR397341/SRR397341_1.fastq.gz;ftp.sra.ebi.ac.uk/vol1/fastq/SRR397/SRR397341/SRR397341_2.fastq.gz	
SRR397014	SAMN00771133	A02740	Normal colon epithelium - Subject 0005-042	Illumina HiSeq 2000 sequencing: RNA-Seq analysis of A02740	PAIRED	PRJNA274775	Derivation of HLA types from shotgun sequence datasets	BCCAGSC	ftp.sra.ebi.ac.uk/vol1/fastq/SRR397/SRR397014/SRR397014_1.fastq.gz;ftp.sra.ebi.ac.uk/vol1/fastq/SRR397/SRR397014/SRR397014_2.fastq.gz	
SRR397343	SAMN00771198	A04457	Normal colon epithelium - Subject 0005-089	Illumina HiSeq 2000 sequencing: RNA-Seq analysis of A04457	PAIRED	PRJNA274775	Derivation of HLA types from shotgun sequence datasets	BCCAGSC	ftp.sra.ebi.ac.uk/vol1/fastq/SRR397/SRR397343/SRR397343_1.fastq.gz;ftp.sra.ebi.ac.uk/vol1/fastq/SRR397/SRR397343/SRR397343_2.fastq.gz	
SRR397015	SAMN00771134	A02741	Normal colon epithelium - Subject 0005-043	Illumina HiSeq 2000 sequencing: RNA-Seq analysis of A02741	PAIRED	PRJNA274775	Derivation of HLA types from shotgun sequence datasets	BCCAGSC	ftp.sra.ebi.ac.uk/vol1/fastq/SRR397/SRR397015/SRR397015_1.fastq.gz;ftp.sra.ebi.ac.uk/vol1/fastq/SRR397/SRR397015/SRR397015_2.fastq.gz	
SRR397351	SAMN00771206	A04465	Normal colon epithelium - Subject 0005-097	Illumina HiSeq 2000 sequencing: RNA-Seq analysis of A04465	PAIRED	PRJNA274775	Derivation of HLA types from shotgun sequence datasets	BCCAGSC	ftp.sra.ebi.ac.uk/vol1/fastq/SRR397/SRR397351/SRR397351_1.fastq.gz;ftp.sra.ebi.ac.uk/vol1/fastq/SRR397/SRR397351/SRR397351_2.fastq.gz	
SRR397019	SAMN00771138	A02745	Normal colon epithelium - Subject 0005-050	Illumina HiSeq 2000 sequencing: RNA-Seq analysis of A02745	PAIRED	PRJNA274775	Derivation of HLA types from shotgun sequence datasets	BCCAGSC	ftp.sra.ebi.ac.uk/vol1/fastq/SRR397/SRR397019/SRR397019_1.fastq.gz;ftp.sra.ebi.ac.uk/vol1/fastq/SRR397/SRR397019/SRR397019_2.fastq.gz	
SRR397354	SAMN00771209	A04468	Normal colon epithelium - Subject 0005-100	Illumina HiSeq 2000 sequencing: RNA-Seq analysis of A04468	PAIRED	PRJNA274775	Derivation of HLA types from shotgun sequence datasets	BCCAGSC	ftp.sra.ebi.ac.uk/vol1/fastq/SRR397/SRR397354/SRR397354_1.fastq.gz;ftp.sra.ebi.ac.uk/vol1/fastq/SRR397/SRR397354/SRR397354_2.fastq.gz	
SRR397020	SAMN00771139	A02746	Normal colon epithelium - Subject 0005-052	Illumina HiSeq 2000 sequencing: RNA-Seq analysis of A02746	PAIRED	PRJNA274775	Derivation of HLA types from shotgun sequence datasets	BCCAGSC	ftp.sra.ebi.ac.uk/vol1/fastq/SRR397/SRR397020/SRR397020_1.fastq.gz;ftp.sra.ebi.ac.uk/vol1/fastq/SRR397/SRR397020/SRR397020_2.fastq.gz	
SRR397359	SAMN00771154	A04411	Colorectal tumour - Subject 0005-069	Illumina HiSeq 2000 sequencing: RNA-Seq analysis of A04411	PAIRED	PRJNA274775	Derivation of HLA types from shotgun sequence datasets	BCCAGSC	ftp.sra.ebi.ac.uk/vol1/fastq/SRR397/SRR397359/SRR397359_1.fastq.gz;ftp.sra.ebi.ac.uk/vol1/fastq/SRR397/SRR397359/SRR397359_2.fastq.gz	
SRR397025	SAMN00771144	A02751	Normal colon epithelium - Subject 0005-058	Illumina HiSeq 2000 sequencing: RNA-Seq analysis of A02751	PAIRED	PRJNA274775	Derivation of HLA types from shotgun sequence datasets	BCCAGSC	ftp.sra.ebi.ac.uk/vol1/fastq/SRR397/SRR397025/SRR397025_1.fastq.gz;ftp.sra.ebi.ac.uk/vol1/fastq/SRR397/SRR397025/SRR397025_2.fastq.gz	
SRR397364	SAMN00771159	A04416	Colorectal tumour - Subject 0005-075	Illumina HiSeq 2000 sequencing: RNA-Seq analysis of A04416	PAIRED	PRJNA274775	Derivation of HLA types from shotgun sequence datasets	BCCAGSC	ftp.sra.ebi.ac.uk/vol1/fastq/SRR397/SRR397364/SRR397364_1.fastq.gz;ftp.sra.ebi.ac.uk/vol1/fastq/SRR397/SRR397364/SRR397364_2.fastq.gz	
SRR397368	SAMN00771163	A04421	Colorectal tumour - Subject 0005-083	Illumina HiSeq 2000 sequencing: RNA-Seq analysis of A04421	PAIRED	PRJNA274775	Derivation of HLA types from shotgun sequence datasets	BCCAGSC	ftp.sra.ebi.ac.uk/vol1/fastq/SRR397/SRR397368/SRR397368_1.fastq.gz;ftp.sra.ebi.ac.uk/vol1/fastq/SRR397/SRR397368/SRR397368_2.fastq.gz	
SRR397028	SAMN00771147	A02754	Normal colon epithelium - Subject 0005-062	Illumina HiSeq 2000 sequencing: RNA-Seq analysis of A02754	PAIRED	PRJNA274775	Derivation of HLA types from shotgun sequence datasets	BCCAGSC	ftp.sra.ebi.ac.uk/vol1/fastq/SRR397/SRR397028/SRR397028_1.fastq.gz;ftp.sra.ebi.ac.uk/vol1/fastq/SRR397/SRR397028/SRR397028_2.fastq.gz	
SRR397373	SAMN00771168	A04426	Colorectal tumour - Subject 0005-089	Illumina HiSeq 2000 sequencing: RNA-Seq analysis of A04426	PAIRED	PRJNA274775	Derivation of HLA types from shotgun sequence datasets	BCCAGSC	ftp.sra.ebi.ac.uk/vol1/fastq/SRR397/SRR397373/SRR397373_1.fastq.gz;ftp.sra.ebi.ac.uk/vol1/fastq/SRR397/SRR397373/SRR397373_2.fastq.gz	
SRR397034	SAMN00771081	A02688	Colorectal tumour - Subject 0005-017	Illumina HiSeq 2000 sequencing: RNA-Seq analysis of A02688	PAIRED	PRJNA274775	Derivation of HLA types from shotgun sequence datasets	BCCAGSC	ftp.sra.ebi.ac.uk/vol1/fastq/SRR397/SRR397034/SRR397034_1.fastq.gz;ftp.sra.ebi.ac.uk/vol1/fastq/SRR397/SRR397034/SRR397034_2.fastq.gz	
SRR397374	SAMN00771169	A04427	Colorectal tumour - Subject 0005-090	Illumina HiSeq 2000 sequencing: RNA-Seq analysis of A04427	PAIRED	PRJNA274775	Derivation of HLA types from shotgun sequence datasets	BCCAGSC	ftp.sra.ebi.ac.uk/vol1/fastq/SRR397/SRR397374/SRR397374_1.fastq.gz;ftp.sra.ebi.ac.uk/vol1/fastq/SRR397/SRR397374/SRR397374_2.fastq.gz	
SRR397035	SAMN00771082	A02689	Colorectal tumour - Subject 0005-019	Illumina HiSeq 2000 sequencing: RNA-Seq analysis of A02689	PAIRED	PRJNA274775	Derivation of HLA types from shotgun sequence datasets	BCCAGSC	ftp.sra.ebi.ac.uk/vol1/fastq/SRR397/SRR397035/SRR397035_1.fastq.gz;ftp.sra.ebi.ac.uk/vol1/fastq/SRR397/SRR397035/SRR397035_2.fastq.gz	
SRR397376	SAMN00771171	A04429	Colorectal tumour - Subject 0005-092	Illumina HiSeq 2000 sequencing: RNA-Seq analysis of A04429	PAIRED	PRJNA274775	Derivation of HLA types from shotgun sequence datasets	BCCAGSC	ftp.sra.ebi.ac.uk/vol1/fastq/SRR397/SRR397376/SRR397376_1.fastq.gz;ftp.sra.ebi.ac.uk/vol1/fastq/SRR397/SRR397376/SRR397376_2.fastq.gz	
SRR397038	SAMN00771085	A02692	Colorectal tumour - Subject 0005-022	Illumina HiSeq 2000 sequencing: RNA-Seq analysis of A02692	PAIRED	PRJNA274775	Derivation of HLA types from shotgun sequence datasets	BCCAGSC	ftp.sra.ebi.ac.uk/vol1/fastq/SRR397/SRR397038/SRR397038_1.fastq.gz;ftp.sra.ebi.ac.uk/vol1/fastq/SRR397/SRR397038/SRR397038_2.fastq.gz	
SRR397378	SAMN00771173	A04431	Colorectal tumour - Subject 0005-094	Illumina HiSeq 2000 sequencing: RNA-Seq analysis of A04431	PAIRED	PRJNA274775	Derivation of HLA types from shotgun sequence datasets	BCCAGSC	ftp.sra.ebi.ac.uk/vol1/fastq/SRR397/SRR397378/SRR397378_1.fastq.gz;ftp.sra.ebi.ac.uk/vol1/fastq/SRR397/SRR397378/SRR397378_2.fastq.gz	
SRR397384	SAMN00771179	A04437	Colorectal tumour - Subject 0005-100	Illumina HiSeq 2000 sequencing: RNA-Seq analysis of A04437	PAIRED	PRJNA274775	Derivation of HLA types from shotgun sequence datasets	BCCAGSC	ftp.sra.ebi.ac.uk/vol1/fastq/SRR397/SRR397384/SRR397384_1.fastq.gz;ftp.sra.ebi.ac.uk/vol1/fastq/SRR397/SRR397384/SRR397384_2.fastq.gz	
SRR397040	SAMN00771087	A02694	Colorectal tumour - Subject 0005-028	Illumina HiSeq 2000 sequencing: RNA-Seq analysis of A02694	PAIRED	PRJNA274775	Derivation of HLA types from shotgun sequence datasets	BCCAGSC	ftp.sra.ebi.ac.uk/vol1/fastq/SRR397/SRR397040/SRR397040_1.fastq.gz;ftp.sra.ebi.ac.uk/vol1/fastq/SRR397/SRR397040/SRR397040_2.fastq.gz	
SRR397387	SAMN00771182	A04440	Normal colon epithelium - Subject 0005-067	Illumina HiSeq 2000 sequencing: RNA-Seq analysis of A04440	PAIRED	PRJNA274775	Derivation of HLA types from shotgun sequence datasets	BCCAGSC	ftp.sra.ebi.ac.uk/vol1/fastq/SRR397/SRR397387/SRR397387_1.fastq.gz;ftp.sra.ebi.ac.uk/vol1/fastq/SRR397/SRR397387/SRR397387_2.fastq.gz	
SRR397390	SAMN00771185	A04443	Normal colon epithelium - Subject 0005-070	Illumina HiSeq 2000 sequencing: RNA-Seq analysis of A04443	PAIRED	PRJNA274775	Derivation of HLA types from shotgun sequence datasets	BCCAGSC	ftp.sra.ebi.ac.uk/vol1/fastq/SRR397/SRR397390/SRR397390_1.fastq.gz;ftp.sra.ebi.ac.uk/vol1/fastq/SRR397/SRR397390/SRR397390_2.fastq.gz	
SRR397041	SAMN00771088	A02695	Colorectal tumour - Subject 0005-030	Illumina HiSeq 2000 sequencing: RNA-Seq analysis of A02695	PAIRED	PRJNA274775	Derivation of HLA types from shotgun sequence datasets	BCCAGSC	ftp.sra.ebi.ac.uk/vol1/fastq/SRR397/SRR397041/SRR397041_1.fastq.gz;ftp.sra.ebi.ac.uk/vol1/fastq/SRR397/SRR397041/SRR397041_2.fastq.gz	
SRR397391	SAMN00771186	A04444	Normal colon epithelium - Subject 0005-071	Illumina HiSeq 2000 sequencing: RNA-Seq analysis of A04444	PAIRED	PRJNA274775	Derivation of HLA types from shotgun sequence datasets	BCCAGSC	ftp.sra.ebi.ac.uk/vol1/fastq/SRR397/SRR397391/SRR397391_1.fastq.gz;ftp.sra.ebi.ac.uk/vol1/fastq/SRR397/SRR397391/SRR397391_2.fastq.gz	
SRR397043	SAMN00771090	A02697	Colorectal tumour - Subject 0005-032	Illumina HiSeq 2000 sequencing: RNA-Seq analysis of A02697	PAIRED	PRJNA274775	Derivation of HLA types from shotgun sequence datasets	BCCAGSC	ftp.sra.ebi.ac.uk/vol1/fastq/SRR397/SRR397043/SRR397043_1.fastq.gz;ftp.sra.ebi.ac.uk/vol1/fastq/SRR397/SRR397043/SRR397043_2.fastq.gz	
SRR397393	SAMN00771188	A04446	Normal colon epithelium - Subject 0005-074	Illumina HiSeq 2000 sequencing: RNA-Seq analysis of A04446	PAIRED	PRJNA274775	Derivation of HLA types from shotgun sequence datasets	BCCAGSC	ftp.sra.ebi.ac.uk/vol1/fastq/SRR397/SRR397393/SRR397393_1.fastq.gz;ftp.sra.ebi.ac.uk/vol1/fastq/SRR397/SRR397393/SRR397393_2.fastq.gz	
SRR397395	SAMN00771190	A04448	Normal colon epithelium - Subject 0005-076	Illumina HiSeq 2000 sequencing: RNA-Seq analysis of A04448	PAIRED	PRJNA274775	Derivation of HLA types from shotgun sequence datasets	BCCAGSC	ftp.sra.ebi.ac.uk/vol1/fastq/SRR397/SRR397395/SRR397395_1.fastq.gz;ftp.sra.ebi.ac.uk/vol1/fastq/SRR397/SRR397395/SRR397395_2.fastq.gz	
SRR397396	SAMN00771191	A04450	Normal colon epithelium - Subject 0005-079	Illumina HiSeq 2000 sequencing: RNA-Seq analysis of A04450	PAIRED	PRJNA274775	Derivation of HLA types from shotgun sequence datasets	BCCAGSC	ftp.sra.ebi.ac.uk/vol1/fastq/SRR397/SRR397396/SRR397396_1.fastq.gz;ftp.sra.ebi.ac.uk/vol1/fastq/SRR397/SRR397396/SRR397396_2.fastq.gz	
SRR397045	SAMN00771092	A02699	Colorectal tumour - Subject 0005-034	Illumina HiSeq 2000 sequencing: RNA-Seq analysis of A02699	PAIRED	PRJNA274775	Derivation of HLA types from shotgun sequence datasets	BCCAGSC	ftp.sra.ebi.ac.uk/vol1/fastq/SRR397/SRR397045/SRR397045_1.fastq.gz;ftp.sra.ebi.ac.uk/vol1/fastq/SRR397/SRR397045/SRR397045_2.fastq.gz	
SRR397399	SAMN00771194	A04453	Normal colon epithelium - Subject 0005-085	Illumina HiSeq 2000 sequencing: RNA-Seq analysis of A04453	PAIRED	PRJNA274775	Derivation of HLA types from shotgun sequence datasets	BCCAGSC	ftp.sra.ebi.ac.uk/vol1/fastq/SRR397/SRR397399/SRR397399_1.fastq.gz;ftp.sra.ebi.ac.uk/vol1/fastq/SRR397/SRR397399/SRR397399_2.fastq.gz	
SRR397050	SAMN00771097	A02704	Colorectal tumour - Subject 0005-042	Illumina HiSeq 2000 sequencing: RNA-Seq analysis of A02704	PAIRED	PRJNA274775	Derivation of HLA types from shotgun sequence datasets	BCCAGSC	ftp.sra.ebi.ac.uk/vol1/fastq/SRR397/SRR397050/SRR397050_1.fastq.gz;ftp.sra.ebi.ac.uk/vol1/fastq/SRR397/SRR397050/SRR397050_2.fastq.gz	
SRR397402	SAMN00771197	A04456	Normal colon epithelium - Subject 0005-088	Illumina HiSeq 2000 sequencing: RNA-Seq analysis of A04456	PAIRED	PRJNA274775	Derivation of HLA types from shotgun sequence datasets	BCCAGSC	ftp.sra.ebi.ac.uk/vol1/fastq/SRR397/SRR397402/SRR397402_1.fastq.gz;ftp.sra.ebi.ac.uk/vol1/fastq/SRR397/SRR397402/SRR397402_2.fastq.gz	
SRR397052	SAMN00771099	A02706	Colorectal tumour - Subject 0005-044	Illumina HiSeq 2000 sequencing: RNA-Seq analysis of A02706	PAIRED	PRJNA274775	Derivation of HLA types from shotgun sequence datasets	BCCAGSC	ftp.sra.ebi.ac.uk/vol1/fastq/SRR397/SRR397052/SRR397052_1.fastq.gz;ftp.sra.ebi.ac.uk/vol1/fastq/SRR397/SRR397052/SRR397052_2.fastq.gz	
SRR397405	SAMN00771200	A04459	Normal colon epithelium - Subject 0005-091	Illumina HiSeq 2000 sequencing: RNA-Seq analysis of A04459	PAIRED	PRJNA274775	Derivation of HLA types from shotgun sequence datasets	BCCAGSC	ftp.sra.ebi.ac.uk/vol1/fastq/SRR397/SRR397405/SRR397405_1.fastq.gz;ftp.sra.ebi.ac.uk/vol1/fastq/SRR397/SRR397405/SRR397405_2.fastq.gz	
SRR397407	SAMN00771202	A04461	Normal colon epithelium - Subject 0005-093	Illumina HiSeq 2000 sequencing: RNA-Seq analysis of A04461	PAIRED	PRJNA274775	Derivation of HLA types from shotgun sequence datasets	BCCAGSC	ftp.sra.ebi.ac.uk/vol1/fastq/SRR397/SRR397407/SRR397407_1.fastq.gz;ftp.sra.ebi.ac.uk/vol1/fastq/SRR397/SRR397407/SRR397407_2.fastq.gz	
SRR397053	SAMN00771100	A02707	Colorectal tumour - Subject 0005-047	Illumina HiSeq 2000 sequencing: RNA-Seq analysis of A02707	PAIRED	PRJNA274775	Derivation of HLA types from shotgun sequence datasets	BCCAGSC	ftp.sra.ebi.ac.uk/vol1/fastq/SRR397/SRR397053/SRR397053_1.fastq.gz;ftp.sra.ebi.ac.uk/vol1/fastq/SRR397/SRR397053/SRR397053_2.fastq.gz	
SRR397410	SAMN00771205	A04464	Normal colon epithelium - Subject 0005-096	Illumina HiSeq 2000 sequencing: RNA-Seq analysis of A04464	PAIRED	PRJNA274775	Derivation of HLA types from shotgun sequence datasets	BCCAGSC	ftp.sra.ebi.ac.uk/vol1/fastq/SRR397/SRR397410/SRR397410_1.fastq.gz;ftp.sra.ebi.ac.uk/vol1/fastq/SRR397/SRR397410/SRR397410_2.fastq.gz	
SRR397054	SAMN00771101	A02708	Colorectal tumour - Subject 0005-049	Illumina HiSeq 2000 sequencing: RNA-Seq analysis of A02708	PAIRED	PRJNA274775	Derivation of HLA types from shotgun sequence datasets	BCCAGSC	ftp.sra.ebi.ac.uk/vol1/fastq/SRR397/SRR397054/SRR397054_1.fastq.gz;ftp.sra.ebi.ac.uk/vol1/fastq/SRR397/SRR397054/SRR397054_2.fastq.gz	
SRR397061	SAMN00771108	A02715	Colorectal tumour - Subject 0005-058	Illumina HiSeq 2000 sequencing: RNA-Seq analysis of A02715	PAIRED	PRJNA274775	Derivation of HLA types from shotgun sequence datasets	BCCAGSC	ftp.sra.ebi.ac.uk/vol1/fastq/SRR397/SRR397061/SRR397061_1.fastq.gz;ftp.sra.ebi.ac.uk/vol1/fastq/SRR397/SRR397061/SRR397061_2.fastq.gz	
SRR397069	SAMN00771116	A02723	Normal colon epithelium - Subject 0005-014	Illumina HiSeq 2000 sequencing: RNA-Seq analysis of A02723	PAIRED	PRJNA274775	Derivation of HLA types from shotgun sequence datasets	BCCAGSC	ftp.sra.ebi.ac.uk/vol1/fastq/SRR397/SRR397069/SRR397069_1.fastq.gz;ftp.sra.ebi.ac.uk/vol1/fastq/SRR397/SRR397069/SRR397069_2.fastq.gz	
SRR397071	SAMN00771118	A02725	Normal colon epithelium - Subject 0005-019	Illumina HiSeq 2000 sequencing: RNA-Seq analysis of A02725	PAIRED	PRJNA274775	Derivation of HLA types from shotgun sequence datasets	BCCAGSC	ftp.sra.ebi.ac.uk/vol1/fastq/SRR397/SRR397071/SRR397071_1.fastq.gz;ftp.sra.ebi.ac.uk/vol1/fastq/SRR397/SRR397071/SRR397071_2.fastq.gz	
SRR397412	SAMN00771207	A04466	Normal colon epithelium - Subject 0005-098	Illumina HiSeq 2000 sequencing: RNA-Seq analysis of A04466	PAIRED	PRJNA274775	Derivation of HLA types from shotgun sequence datasets	BCCAGSC	ftp.sra.ebi.ac.uk/vol1/fastq/SRR397/SRR397412/SRR397412_1.fastq.gz;ftp.sra.ebi.ac.uk/vol1/fastq/SRR397/SRR397412/SRR397412_2.fastq.gz	
SRR397075	SAMN00771122	A02729	Normal colon epithelium - Subject 0005-027	Illumina HiSeq 2000 sequencing: RNA-Seq analysis of A02729	PAIRED	PRJNA274775	Derivation of HLA types from shotgun sequence datasets	BCCAGSC	ftp.sra.ebi.ac.uk/vol1/fastq/SRR397/SRR397075/SRR397075_1.fastq.gz;ftp.sra.ebi.ac.uk/vol1/fastq/SRR397/SRR397075/SRR397075_2.fastq.gz	
SRR397413	SAMN00771208	A04467	Normal colon epithelium - Subject 0005-099	Illumina HiSeq 2000 sequencing: RNA-Seq analysis of A04467	PAIRED	PRJNA274775	Derivation of HLA types from shotgun sequence datasets	BCCAGSC	ftp.sra.ebi.ac.uk/vol1/fastq/SRR397/SRR397413/SRR397413_1.fastq.gz;ftp.sra.ebi.ac.uk/vol1/fastq/SRR397/SRR397413/SRR397413_2.fastq.gz	
SRR748241	SAMN01923808	CC57C-A0TBJ	CC57C Campylobacter showae sample	Illumina MiSeq sequencing: WGS analysis of C. showae sample CC57C-A0TBJ	PAIRED	PRJNA274775	Derivation of HLA types from shotgun sequence datasets	BCCAGSC	ftp.sra.ebi.ac.uk/vol1/fastq/SRR748/SRR748241/SRR748241.fastq.gz;ftp.sra.ebi.ac.uk/vol1/fastq/SRR748/SRR748241/SRR748241_1.fastq.gz;ftp.sra.ebi.ac.uk/vol1/fastq/SRR748/SRR748241/SRR748241_2.fastq.gz	
SRR397077	SAMN00771124	A02731	Normal colon epithelium - Subject 0005-030	Illumina HiSeq 2000 sequencing: RNA-Seq analysis of A02731	PAIRED	PRJNA274775	Derivation of HLA types from shotgun sequence datasets	BCCAGSC	ftp.sra.ebi.ac.uk/vol1/fastq/SRR397/SRR397077/SRR397077_1.fastq.gz;ftp.sra.ebi.ac.uk/vol1/fastq/SRR397/SRR397077/SRR397077_2.fastq.gz	
SRR397080	SAMN00771127	A02734	Normal colon epithelium - Subject 0005-033	Illumina HiSeq 2000 sequencing: RNA-Seq analysis of A02734	PAIRED	PRJNA274775	Derivation of HLA types from shotgun sequence datasets	BCCAGSC	ftp.sra.ebi.ac.uk/vol1/fastq/SRR397/SRR397080/SRR397080_1.fastq.gz;ftp.sra.ebi.ac.uk/vol1/fastq/SRR397/SRR397080/SRR397080_2.fastq.gz	
SRR397081	SAMN00771128	A02735	Normal colon epithelium - Subject 0005-034	Illumina HiSeq 2000 sequencing: RNA-Seq analysis of A02735	PAIRED	PRJNA274775	Derivation of HLA types from shotgun sequence datasets	BCCAGSC	ftp.sra.ebi.ac.uk/vol1/fastq/SRR397/SRR397081/SRR397081_1.fastq.gz;ftp.sra.ebi.ac.uk/vol1/fastq/SRR397/SRR397081/SRR397081_2.fastq.gz	
SRR397082	SAMN00771129	A02736	Normal colon epithelium - Subject 0005-035	Illumina HiSeq 2000 sequencing: RNA-Seq analysis of A02736	PAIRED	PRJNA274775	Derivation of HLA types from shotgun sequence datasets	BCCAGSC	ftp.sra.ebi.ac.uk/vol1/fastq/SRR397/SRR397082/SRR397082_1.fastq.gz;ftp.sra.ebi.ac.uk/vol1/fastq/SRR397/SRR397082/SRR397082_2.fastq.gz	
SRR397083	SAMN00771130	A02737	Normal colon epithelium - Subject 0005-036	Illumina HiSeq 2000 sequencing: RNA-Seq analysis of A02737	PAIRED	PRJNA274775	Derivation of HLA types from shotgun sequence datasets	BCCAGSC	ftp.sra.ebi.ac.uk/vol1/fastq/SRR397/SRR397083/SRR397083_1.fastq.gz;ftp.sra.ebi.ac.uk/vol1/fastq/SRR397/SRR397083/SRR397083_2.fastq.gz	
SRR397085	SAMN00771132	A02739	Normal colon epithelium - Subject 0005-040	Illumina HiSeq 2000 sequencing: RNA-Seq analysis of A02739	PAIRED	PRJNA274775	Derivation of HLA types from shotgun sequence datasets	BCCAGSC	ftp.sra.ebi.ac.uk/vol1/fastq/SRR397/SRR397085/SRR397085_1.fastq.gz;ftp.sra.ebi.ac.uk/vol1/fastq/SRR397/SRR397085/SRR397085_2.fastq.gz	
SRR397087	SAMN00771134	A02741	Normal colon epithelium - Subject 0005-043	Illumina HiSeq 2000 sequencing: RNA-Seq analysis of A02741	PAIRED	PRJNA274775	Derivation of HLA types from shotgun sequence datasets	BCCAGSC	ftp.sra.ebi.ac.uk/vol1/fastq/SRR397/SRR397087/SRR397087_1.fastq.gz;ftp.sra.ebi.ac.uk/vol1/fastq/SRR397/SRR397087/SRR397087_2.fastq.gz	
SRR397091	SAMN00771138	A02745	Normal colon epithelium - Subject 0005-050	Illumina HiSeq 2000 sequencing: RNA-Seq analysis of A02745	PAIRED	PRJNA274775	Derivation of HLA types from shotgun sequence datasets	BCCAGSC	ftp.sra.ebi.ac.uk/vol1/fastq/SRR397/SRR397091/SRR397091_1.fastq.gz;ftp.sra.ebi.ac.uk/vol1/fastq/SRR397/SRR397091/SRR397091_2.fastq.gz	
SRR397094	SAMN00771141	A02748	Normal colon epithelium - Subject 0005-054	Illumina HiSeq 2000 sequencing: RNA-Seq analysis of A02748	PAIRED	PRJNA274775	Derivation of HLA types from shotgun sequence datasets	BCCAGSC	ftp.sra.ebi.ac.uk/vol1/fastq/SRR397/SRR397094/SRR397094_1.fastq.gz;ftp.sra.ebi.ac.uk/vol1/fastq/SRR397/SRR397094/SRR397094_2.fastq.gz	
SRR397102	SAMN00771149	A02756	Normal colon epithelium - Subject 0005-064	Illumina HiSeq 2000 sequencing: RNA-Seq analysis of A02756	PAIRED	PRJNA274775	Derivation of HLA types from shotgun sequence datasets	BCCAGSC	ftp.sra.ebi.ac.uk/vol1/fastq/SRR397/SRR397102/SRR397102_1.fastq.gz;ftp.sra.ebi.ac.uk/vol1/fastq/SRR397/SRR397102/SRR397102_2.fastq.gz	
SRR397111	SAMN00771086	A02693	Colorectal tumour - Subject 0005-027	Illumina HiSeq 2000 sequencing: RNA-Seq analysis of A02693	PAIRED	PRJNA274775	Derivation of HLA types from shotgun sequence datasets	BCCAGSC	ftp.sra.ebi.ac.uk/vol1/fastq/SRR397/SRR397111/SRR397111_1.fastq.gz;ftp.sra.ebi.ac.uk/vol1/fastq/SRR397/SRR397111/SRR397111_2.fastq.gz	
SRR397117	SAMN00771092	A02699	Colorectal tumour - Subject 0005-034	Illumina HiSeq 2000 sequencing: RNA-Seq analysis of A02699	PAIRED	PRJNA274775	Derivation of HLA types from shotgun sequence datasets	BCCAGSC	ftp.sra.ebi.ac.uk/vol1/fastq/SRR397/SRR397117/SRR397117_1.fastq.gz;ftp.sra.ebi.ac.uk/vol1/fastq/SRR397/SRR397117/SRR397117_2.fastq.gz	
SRR397124	SAMN00771099	A02706	Colorectal tumour - Subject 0005-044	Illumina HiSeq 2000 sequencing: RNA-Seq analysis of A02706	PAIRED	PRJNA274775	Derivation of HLA types from shotgun sequence datasets	BCCAGSC	ftp.sra.ebi.ac.uk/vol1/fastq/SRR397/SRR397124/SRR397124_1.fastq.gz;ftp.sra.ebi.ac.uk/vol1/fastq/SRR397/SRR397124/SRR397124_2.fastq.gz	
SRR397125	SAMN00771100	A02707	Colorectal tumour - Subject 0005-047	Illumina HiSeq 2000 sequencing: RNA-Seq analysis of A02707	PAIRED	PRJNA274775	Derivation of HLA types from shotgun sequence datasets	BCCAGSC	ftp.sra.ebi.ac.uk/vol1/fastq/SRR397/SRR397125/SRR397125_1.fastq.gz;ftp.sra.ebi.ac.uk/vol1/fastq/SRR397/SRR397125/SRR397125_2.fastq.gz	
SRR397126	SAMN00771101	A02708	Colorectal tumour - Subject 0005-049	Illumina HiSeq 2000 sequencing: RNA-Seq analysis of A02708	PAIRED	PRJNA274775	Derivation of HLA types from shotgun sequence datasets	BCCAGSC	ftp.sra.ebi.ac.uk/vol1/fastq/SRR397/SRR397126/SRR397126_1.fastq.gz;ftp.sra.ebi.ac.uk/vol1/fastq/SRR397/SRR397126/SRR397126_2.fastq.gz	
SRR397129	SAMN00771104	A02711	Colorectal tumour - Subject 0005-053	Illumina HiSeq 2000 sequencing: RNA-Seq analysis of A02711	PAIRED	PRJNA274775	Derivation of HLA types from shotgun sequence datasets	BCCAGSC	ftp.sra.ebi.ac.uk/vol1/fastq/SRR397/SRR397129/SRR397129_1.fastq.gz;ftp.sra.ebi.ac.uk/vol1/fastq/SRR397/SRR397129/SRR397129_2.fastq.gz	
SRR397130	SAMN00771105	A02712	Colorectal tumour - Subject 0005-054	Illumina HiSeq 2000 sequencing: RNA-Seq analysis of A02712	PAIRED	PRJNA274775	Derivation of HLA types from shotgun sequence datasets	BCCAGSC	ftp.sra.ebi.ac.uk/vol1/fastq/SRR397/SRR397130/SRR397130_1.fastq.gz;ftp.sra.ebi.ac.uk/vol1/fastq/SRR397/SRR397130/SRR397130_2.fastq.gz	
SRR397132	SAMN00771107	A02714	Colorectal tumour - Subject 0005-057	Illumina HiSeq 2000 sequencing: RNA-Seq analysis of A02714	PAIRED	PRJNA274775	Derivation of HLA types from shotgun sequence datasets	BCCAGSC	ftp.sra.ebi.ac.uk/vol1/fastq/SRR397/SRR397132/SRR397132_1.fastq.gz;ftp.sra.ebi.ac.uk/vol1/fastq/SRR397/SRR397132/SRR397132_2.fastq.gz	
SRR397134	SAMN00771109	A02716	Colorectal tumour - Subject 0005-059	Illumina HiSeq 2000 sequencing: RNA-Seq analysis of A02716	PAIRED	PRJNA274775	Derivation of HLA types from shotgun sequence datasets	BCCAGSC	ftp.sra.ebi.ac.uk/vol1/fastq/SRR397/SRR397134/SRR397134_1.fastq.gz;ftp.sra.ebi.ac.uk/vol1/fastq/SRR397/SRR397134/SRR397134_2.fastq.gz	
SRR397135	SAMN00771110	A02717	Colorectal tumour - Subject 0005-060	Illumina HiSeq 2000 sequencing: RNA-Seq analysis of A02717	PAIRED	PRJNA274775	Derivation of HLA types from shotgun sequence datasets	BCCAGSC	ftp.sra.ebi.ac.uk/vol1/fastq/SRR397/SRR397135/SRR397135_1.fastq.gz;ftp.sra.ebi.ac.uk/vol1/fastq/SRR397/SRR397135/SRR397135_2.fastq.gz	
SRR397138	SAMN00771113	A02720	Colorectal tumour - Subject 0005-064	Illumina HiSeq 2000 sequencing: RNA-Seq analysis of A02720	PAIRED	PRJNA274775	Derivation of HLA types from shotgun sequence datasets	BCCAGSC	ftp.sra.ebi.ac.uk/vol1/fastq/SRR397/SRR397138/SRR397138_1.fastq.gz;ftp.sra.ebi.ac.uk/vol1/fastq/SRR397/SRR397138/SRR397138_2.fastq.gz	
SRR397141	SAMN00771116	A02723	Normal colon epithelium - Subject 0005-014	Illumina HiSeq 2000 sequencing: RNA-Seq analysis of A02723	PAIRED	PRJNA274775	Derivation of HLA types from shotgun sequence datasets	BCCAGSC	ftp.sra.ebi.ac.uk/vol1/fastq/SRR397/SRR397141/SRR397141_1.fastq.gz;ftp.sra.ebi.ac.uk/vol1/fastq/SRR397/SRR397141/SRR397141_2.fastq.gz	
SRR397142	SAMN00771117	A02724	Normal colon epithelium - Subject 0005-017	Illumina HiSeq 2000 sequencing: RNA-Seq analysis of A02724	PAIRED	PRJNA274775	Derivation of HLA types from shotgun sequence datasets	BCCAGSC	ftp.sra.ebi.ac.uk/vol1/fastq/SRR397/SRR397142/SRR397142_1.fastq.gz;ftp.sra.ebi.ac.uk/vol1/fastq/SRR397/SRR397142/SRR397142_2.fastq.gz	
SRR397144	SAMN00771119	A02726	Normal colon epithelium - Subject 0005-020	Illumina HiSeq 2000 sequencing: RNA-Seq analysis of A02726	PAIRED	PRJNA274775	Derivation of HLA types from shotgun sequence datasets	BCCAGSC	ftp.sra.ebi.ac.uk/vol1/fastq/SRR397/SRR397144/SRR397144_1.fastq.gz;ftp.sra.ebi.ac.uk/vol1/fastq/SRR397/SRR397144/SRR397144_2.fastq.gz	
SRR397146	SAMN00771121	A02728	Normal colon epithelium - Subject 0005-022	Illumina HiSeq 2000 sequencing: RNA-Seq analysis of A02728	PAIRED	PRJNA274775	Derivation of HLA types from shotgun sequence datasets	BCCAGSC	ftp.sra.ebi.ac.uk/vol1/fastq/SRR397/SRR397146/SRR397146_1.fastq.gz;ftp.sra.ebi.ac.uk/vol1/fastq/SRR397/SRR397146/SRR397146_2.fastq.gz	
SRR397149	SAMN00771124	A02731	Normal colon epithelium - Subject 0005-030	Illumina HiSeq 2000 sequencing: RNA-Seq analysis of A02731	PAIRED	PRJNA274775	Derivation of HLA types from shotgun sequence datasets	BCCAGSC	ftp.sra.ebi.ac.uk/vol1/fastq/SRR397/SRR397149/SRR397149_1.fastq.gz;ftp.sra.ebi.ac.uk/vol1/fastq/SRR397/SRR397149/SRR397149_2.fastq.gz	
SRR397154	SAMN00771129	A02736	Normal colon epithelium - Subject 0005-035	Illumina HiSeq 2000 sequencing: RNA-Seq analysis of A02736	PAIRED	PRJNA274775	Derivation of HLA types from shotgun sequence datasets	BCCAGSC	ftp.sra.ebi.ac.uk/vol1/fastq/SRR397/SRR397154/SRR397154_1.fastq.gz;ftp.sra.ebi.ac.uk/vol1/fastq/SRR397/SRR397154/SRR397154_2.fastq.gz	
SRR397160	SAMN00771135	A02742	Normal colon epithelium - Subject 0005-044	Illumina HiSeq 2000 sequencing: RNA-Seq analysis of A02742	PAIRED	PRJNA274775	Derivation of HLA types from shotgun sequence datasets	BCCAGSC	ftp.sra.ebi.ac.uk/vol1/fastq/SRR397/SRR397160/SRR397160_1.fastq.gz;ftp.sra.ebi.ac.uk/vol1/fastq/SRR397/SRR397160/SRR397160_2.fastq.gz	
SRR397161	SAMN00771136	A02743	Normal colon epithelium - Subject 0005-047	Illumina HiSeq 2000 sequencing: RNA-Seq analysis of A02743	PAIRED	PRJNA274775	Derivation of HLA types from shotgun sequence datasets	BCCAGSC	ftp.sra.ebi.ac.uk/vol1/fastq/SRR397/SRR397161/SRR397161_1.fastq.gz;ftp.sra.ebi.ac.uk/vol1/fastq/SRR397/SRR397161/SRR397161_2.fastq.gz	
SRR397162	SAMN00771137	A02744	Normal colon epithelium - Subject 0005-049	Illumina HiSeq 2000 sequencing: RNA-Seq analysis of A02744	PAIRED	PRJNA274775	Derivation of HLA types from shotgun sequence datasets	BCCAGSC	ftp.sra.ebi.ac.uk/vol1/fastq/SRR397/SRR397162/SRR397162_1.fastq.gz;ftp.sra.ebi.ac.uk/vol1/fastq/SRR397/SRR397162/SRR397162_2.fastq.gz	
SRR397163	SAMN00771138	A02745	Normal colon epithelium - Subject 0005-050	Illumina HiSeq 2000 sequencing: RNA-Seq analysis of A02745	PAIRED	PRJNA274775	Derivation of HLA types from shotgun sequence datasets	BCCAGSC	ftp.sra.ebi.ac.uk/vol1/fastq/SRR397/SRR397163/SRR397163_1.fastq.gz;ftp.sra.ebi.ac.uk/vol1/fastq/SRR397/SRR397163/SRR397163_2.fastq.gz	
SRR397166	SAMN00771141	A02748	Normal colon epithelium - Subject 0005-054	Illumina HiSeq 2000 sequencing: RNA-Seq analysis of A02748	PAIRED	PRJNA274775	Derivation of HLA types from shotgun sequence datasets	BCCAGSC	ftp.sra.ebi.ac.uk/vol1/fastq/SRR397/SRR397166/SRR397166_1.fastq.gz;ftp.sra.ebi.ac.uk/vol1/fastq/SRR397/SRR397166/SRR397166_2.fastq.gz	
SRR397167	SAMN00771142	A02749	Normal colon epithelium - Subject 0005-056	Illumina HiSeq 2000 sequencing: RNA-Seq analysis of A02749	PAIRED	PRJNA274775	Derivation of HLA types from shotgun sequence datasets	BCCAGSC	ftp.sra.ebi.ac.uk/vol1/fastq/SRR397/SRR397167/SRR397167_1.fastq.gz;ftp.sra.ebi.ac.uk/vol1/fastq/SRR397/SRR397167/SRR397167_2.fastq.gz	
SRR397170	SAMN00771145	A02752	Normal colon epithelium - Subject 0005-059	Illumina HiSeq 2000 sequencing: RNA-Seq analysis of A02752	PAIRED	PRJNA274775	Derivation of HLA types from shotgun sequence datasets	BCCAGSC	ftp.sra.ebi.ac.uk/vol1/fastq/SRR397/SRR397170/SRR397170_1.fastq.gz;ftp.sra.ebi.ac.uk/vol1/fastq/SRR397/SRR397170/SRR397170_2.fastq.gz	
SRR397171	SAMN00771146	A02753	Normal colon epithelium - Subject 0005-060	Illumina HiSeq 2000 sequencing: RNA-Seq analysis of A02753	PAIRED	PRJNA274775	Derivation of HLA types from shotgun sequence datasets	BCCAGSC	ftp.sra.ebi.ac.uk/vol1/fastq/SRR397/SRR397171/SRR397171_1.fastq.gz;ftp.sra.ebi.ac.uk/vol1/fastq/SRR397/SRR397171/SRR397171_2.fastq.gz	
SRR397173	SAMN00771148	A02755	Normal colon epithelium - Subject 0005-063	Illumina HiSeq 2000 sequencing: RNA-Seq analysis of A02755	PAIRED	PRJNA274775	Derivation of HLA types from shotgun sequence datasets	BCCAGSC	ftp.sra.ebi.ac.uk/vol1/fastq/SRR397/SRR397173/SRR397173_1.fastq.gz;ftp.sra.ebi.ac.uk/vol1/fastq/SRR397/SRR397173/SRR397173_2.fastq.gz	
SRR397175	SAMN00771150	A02757	Normal colon epithelium - Subject 0005-065	Illumina HiSeq 2000 sequencing: RNA-Seq analysis of A02757	PAIRED	PRJNA274775	Derivation of HLA types from shotgun sequence datasets	BCCAGSC	ftp.sra.ebi.ac.uk/vol1/fastq/SRR397/SRR397175/SRR397175_1.fastq.gz;ftp.sra.ebi.ac.uk/vol1/fastq/SRR397/SRR397175/SRR397175_2.fastq.gz	
SRR397178	SAMN00771153	A04410	Colorectal tumour - Subject 0005-068	Illumina HiSeq 2000 sequencing: RNA-Seq analysis of A04410	PAIRED	PRJNA274775	Derivation of HLA types from shotgun sequence datasets	BCCAGSC	ftp.sra.ebi.ac.uk/vol1/fastq/SRR397/SRR397178/SRR397178_1.fastq.gz;ftp.sra.ebi.ac.uk/vol1/fastq/SRR397/SRR397178/SRR397178_2.fastq.gz	
SRR397179	SAMN00771154	A04411	Colorectal tumour - Subject 0005-069	Illumina HiSeq 2000 sequencing: RNA-Seq analysis of A04411	PAIRED	PRJNA274775	Derivation of HLA types from shotgun sequence datasets	BCCAGSC	ftp.sra.ebi.ac.uk/vol1/fastq/SRR397/SRR397179/SRR397179_1.fastq.gz;ftp.sra.ebi.ac.uk/vol1/fastq/SRR397/SRR397179/SRR397179_2.fastq.gz	
SRR397180	SAMN00771155	A04412	Colorectal tumour - Subject 0005-070	Illumina HiSeq 2000 sequencing: RNA-Seq analysis of A04412	PAIRED	PRJNA274775	Derivation of HLA types from shotgun sequence datasets	BCCAGSC	ftp.sra.ebi.ac.uk/vol1/fastq/SRR397/SRR397180/SRR397180_1.fastq.gz;ftp.sra.ebi.ac.uk/vol1/fastq/SRR397/SRR397180/SRR397180_2.fastq.gz	
SRR397185	SAMN00771160	A04417	Colorectal tumour - Subject 0005-076	Illumina HiSeq 2000 sequencing: RNA-Seq analysis of A04417	PAIRED	PRJNA274775	Derivation of HLA types from shotgun sequence datasets	BCCAGSC	ftp.sra.ebi.ac.uk/vol1/fastq/SRR397/SRR397185/SRR397185_1.fastq.gz;ftp.sra.ebi.ac.uk/vol1/fastq/SRR397/SRR397185/SRR397185_2.fastq.gz	
SRR397186	SAMN00771161	A04419	Colorectal tumour - Subject 0005-079	Illumina HiSeq 2000 sequencing: RNA-Seq analysis of A04419	PAIRED	PRJNA274775	Derivation of HLA types from shotgun sequence datasets	BCCAGSC	ftp.sra.ebi.ac.uk/vol1/fastq/SRR397/SRR397186/SRR397186_1.fastq.gz;ftp.sra.ebi.ac.uk/vol1/fastq/SRR397/SRR397186/SRR397186_2.fastq.gz	
SRR397188	SAMN00771163	A04421	Colorectal tumour - Subject 0005-083	Illumina HiSeq 2000 sequencing: RNA-Seq analysis of A04421	PAIRED	PRJNA274775	Derivation of HLA types from shotgun sequence datasets	BCCAGSC	ftp.sra.ebi.ac.uk/vol1/fastq/SRR397/SRR397188/SRR397188_1.fastq.gz;ftp.sra.ebi.ac.uk/vol1/fastq/SRR397/SRR397188/SRR397188_2.fastq.gz	
SRR397190	SAMN00771165	A04423	Colorectal tumour - Subject 0005-086	Illumina HiSeq 2000 sequencing: RNA-Seq analysis of A04423	PAIRED	PRJNA274775	Derivation of HLA types from shotgun sequence datasets	BCCAGSC	ftp.sra.ebi.ac.uk/vol1/fastq/SRR397/SRR397190/SRR397190_1.fastq.gz;ftp.sra.ebi.ac.uk/vol1/fastq/SRR397/SRR397190/SRR397190_2.fastq.gz	
SRR397191	SAMN00771166	A04424	Colorectal tumour - Subject 0005-087	Illumina HiSeq 2000 sequencing: RNA-Seq analysis of A04424	PAIRED	PRJNA274775	Derivation of HLA types from shotgun sequence datasets	BCCAGSC	ftp.sra.ebi.ac.uk/vol1/fastq/SRR397/SRR397191/SRR397191_1.fastq.gz;ftp.sra.ebi.ac.uk/vol1/fastq/SRR397/SRR397191/SRR397191_2.fastq.gz	
SRR397194	SAMN00771169	A04427	Colorectal tumour - Subject 0005-090	Illumina HiSeq 2000 sequencing: RNA-Seq analysis of A04427	PAIRED	PRJNA274775	Derivation of HLA types from shotgun sequence datasets	BCCAGSC	ftp.sra.ebi.ac.uk/vol1/fastq/SRR397/SRR397194/SRR397194_1.fastq.gz;ftp.sra.ebi.ac.uk/vol1/fastq/SRR397/SRR397194/SRR397194_2.fastq.gz	
SRR397195	SAMN00771170	A04428	Colorectal tumour - Subject 0005-091	Illumina HiSeq 2000 sequencing: RNA-Seq analysis of A04428	PAIRED	PRJNA274775	Derivation of HLA types from shotgun sequence datasets	BCCAGSC	ftp.sra.ebi.ac.uk/vol1/fastq/SRR397/SRR397195/SRR397195_1.fastq.gz;ftp.sra.ebi.ac.uk/vol1/fastq/SRR397/SRR397195/SRR397195_2.fastq.gz	
SRR397196	SAMN00771171	A04429	Colorectal tumour - Subject 0005-092	Illumina HiSeq 2000 sequencing: RNA-Seq analysis of A04429	PAIRED	PRJNA274775	Derivation of HLA types from shotgun sequence datasets	BCCAGSC	ftp.sra.ebi.ac.uk/vol1/fastq/SRR397/SRR397196/SRR397196_1.fastq.gz;ftp.sra.ebi.ac.uk/vol1/fastq/SRR397/SRR397196/SRR397196_2.fastq.gz	
SRR397203	SAMN00771178	A04436	Colorectal tumour - Subject 0005-099	Illumina HiSeq 2000 sequencing: RNA-Seq analysis of A04436	PAIRED	PRJNA274775	Derivation of HLA types from shotgun sequence datasets	BCCAGSC	ftp.sra.ebi.ac.uk/vol1/fastq/SRR397/SRR397203/SRR397203_1.fastq.gz;ftp.sra.ebi.ac.uk/vol1/fastq/SRR397/SRR397203/SRR397203_2.fastq.gz	
SRR397208	SAMN00771183	A04441	Normal colon epithelium - Subject 0005-068	Illumina HiSeq 2000 sequencing: RNA-Seq analysis of A04441	PAIRED	PRJNA274775	Derivation of HLA types from shotgun sequence datasets	BCCAGSC	ftp.sra.ebi.ac.uk/vol1/fastq/SRR397/SRR397208/SRR397208_1.fastq.gz;ftp.sra.ebi.ac.uk/vol1/fastq/SRR397/SRR397208/SRR397208_2.fastq.gz	
SRR397211	SAMN00771186	A04444	Normal colon epithelium - Subject 0005-071	Illumina HiSeq 2000 sequencing: RNA-Seq analysis of A04444	PAIRED	PRJNA274775	Derivation of HLA types from shotgun sequence datasets	BCCAGSC	ftp.sra.ebi.ac.uk/vol1/fastq/SRR397/SRR397211/SRR397211_1.fastq.gz;ftp.sra.ebi.ac.uk/vol1/fastq/SRR397/SRR397211/SRR397211_2.fastq.gz	
SRR397213	SAMN00771188	A04446	Normal colon epithelium - Subject 0005-074	Illumina HiSeq 2000 sequencing: RNA-Seq analysis of A04446	PAIRED	PRJNA274775	Derivation of HLA types from shotgun sequence datasets	BCCAGSC	ftp.sra.ebi.ac.uk/vol1/fastq/SRR397/SRR397213/SRR397213_1.fastq.gz;ftp.sra.ebi.ac.uk/vol1/fastq/SRR397/SRR397213/SRR397213_2.fastq.gz	
SRR397214	SAMN00771189	A04447	Normal colon epithelium - Subject 0005-075	Illumina HiSeq 2000 sequencing: RNA-Seq analysis of A04447	PAIRED	PRJNA274775	Derivation of HLA types from shotgun sequence datasets	BCCAGSC	ftp.sra.ebi.ac.uk/vol1/fastq/SRR397/SRR397214/SRR397214_1.fastq.gz;ftp.sra.ebi.ac.uk/vol1/fastq/SRR397/SRR397214/SRR397214_2.fastq.gz	
SRR397219	SAMN00771194	A04453	Normal colon epithelium - Subject 0005-085	Illumina HiSeq 2000 sequencing: RNA-Seq analysis of A04453	PAIRED	PRJNA274775	Derivation of HLA types from shotgun sequence datasets	BCCAGSC	ftp.sra.ebi.ac.uk/vol1/fastq/SRR397/SRR397219/SRR397219_1.fastq.gz;ftp.sra.ebi.ac.uk/vol1/fastq/SRR397/SRR397219/SRR397219_2.fastq.gz	
SRR397232	SAMN00771207	A04466	Normal colon epithelium - Subject 0005-098	Illumina HiSeq 2000 sequencing: RNA-Seq analysis of A04466	PAIRED	PRJNA274775	Derivation of HLA types from shotgun sequence datasets	BCCAGSC	ftp.sra.ebi.ac.uk/vol1/fastq/SRR397/SRR397232/SRR397232_1.fastq.gz;ftp.sra.ebi.ac.uk/vol1/fastq/SRR397/SRR397232/SRR397232_2.fastq.gz	
SRR397234	SAMN00771209	A04468	Normal colon epithelium - Subject 0005-100	Illumina HiSeq 2000 sequencing: RNA-Seq analysis of A04468	PAIRED	PRJNA274775	Derivation of HLA types from shotgun sequence datasets	BCCAGSC	ftp.sra.ebi.ac.uk/vol1/fastq/SRR397/SRR397234/SRR397234_1.fastq.gz;ftp.sra.ebi.ac.uk/vol1/fastq/SRR397/SRR397234/SRR397234_2.fastq.gz	
SRR397236	SAMN00771151	A04408	Colorectal tumour - Subject 0005-066	Illumina HiSeq 2000 sequencing: RNA-Seq analysis of A04408	PAIRED	PRJNA274775	Derivation of HLA types from shotgun sequence datasets	BCCAGSC	ftp.sra.ebi.ac.uk/vol1/fastq/SRR397/SRR397236/SRR397236_1.fastq.gz;ftp.sra.ebi.ac.uk/vol1/fastq/SRR397/SRR397236/SRR397236_2.fastq.gz	
SRR397242	SAMN00771157	A04414	Colorectal tumour - Subject 0005-073	Illumina HiSeq 2000 sequencing: RNA-Seq analysis of A04414	PAIRED	PRJNA274775	Derivation of HLA types from shotgun sequence datasets	BCCAGSC	ftp.sra.ebi.ac.uk/vol1/fastq/SRR397/SRR397242/SRR397242_1.fastq.gz;ftp.sra.ebi.ac.uk/vol1/fastq/SRR397/SRR397242/SRR397242_2.fastq.gz	
SRR397243	SAMN00771158	A04415	Colorectal tumour - Subject 0005-074	Illumina HiSeq 2000 sequencing: RNA-Seq analysis of A04415	PAIRED	PRJNA274775	Derivation of HLA types from shotgun sequence datasets	BCCAGSC	ftp.sra.ebi.ac.uk/vol1/fastq/SRR397/SRR397243/SRR397243_1.fastq.gz;ftp.sra.ebi.ac.uk/vol1/fastq/SRR397/SRR397243/SRR397243_2.fastq.gz	
SRR397247	SAMN00771162	A04420	Colorectal tumour - Subject 0005-081	Illumina HiSeq 2000 sequencing: RNA-Seq analysis of A04420	PAIRED	PRJNA274775	Derivation of HLA types from shotgun sequence datasets	BCCAGSC	ftp.sra.ebi.ac.uk/vol1/fastq/SRR397/SRR397247/SRR397247_1.fastq.gz;ftp.sra.ebi.ac.uk/vol1/fastq/SRR397/SRR397247/SRR397247_2.fastq.gz	
SRR397249	SAMN00771164	A04422	Colorectal tumour - Subject 0005-085	Illumina HiSeq 2000 sequencing: RNA-Seq analysis of A04422	PAIRED	PRJNA274775	Derivation of HLA types from shotgun sequence datasets	BCCAGSC	ftp.sra.ebi.ac.uk/vol1/fastq/SRR397/SRR397249/SRR397249_1.fastq.gz;ftp.sra.ebi.ac.uk/vol1/fastq/SRR397/SRR397249/SRR397249_2.fastq.gz	
SRR397252	SAMN00771167	A04425	Colorectal tumour - Subject 0005-088	Illumina HiSeq 2000 sequencing: RNA-Seq analysis of A04425	PAIRED	PRJNA274775	Derivation of HLA types from shotgun sequence datasets	BCCAGSC	ftp.sra.ebi.ac.uk/vol1/fastq/SRR397/SRR397252/SRR397252_1.fastq.gz;ftp.sra.ebi.ac.uk/vol1/fastq/SRR397/SRR397252/SRR397252_2.fastq.gz	
SRR397253	SAMN00771168	A04426	Colorectal tumour - Subject 0005-089	Illumina HiSeq 2000 sequencing: RNA-Seq analysis of A04426	PAIRED	PRJNA274775	Derivation of HLA types from shotgun sequence datasets	BCCAGSC	ftp.sra.ebi.ac.uk/vol1/fastq/SRR397/SRR397253/SRR397253_1.fastq.gz;ftp.sra.ebi.ac.uk/vol1/fastq/SRR397/SRR397253/SRR397253_2.fastq.gz	
SRR397254	SAMN00771169	A04427	Colorectal tumour - Subject 0005-090	Illumina HiSeq 2000 sequencing: RNA-Seq analysis of A04427	PAIRED	PRJNA274775	Derivation of HLA types from shotgun sequence datasets	BCCAGSC	ftp.sra.ebi.ac.uk/vol1/fastq/SRR397/SRR397254/SRR397254_1.fastq.gz;ftp.sra.ebi.ac.uk/vol1/fastq/SRR397/SRR397254/SRR397254_2.fastq.gz	
SRR397258	SAMN00771173	A04431	Colorectal tumour - Subject 0005-094	Illumina HiSeq 2000 sequencing: RNA-Seq analysis of A04431	PAIRED	PRJNA274775	Derivation of HLA types from shotgun sequence datasets	BCCAGSC	ftp.sra.ebi.ac.uk/vol1/fastq/SRR397/SRR397258/SRR397258_1.fastq.gz;ftp.sra.ebi.ac.uk/vol1/fastq/SRR397/SRR397258/SRR397258_2.fastq.gz	
SRR397260	SAMN00771175	A04433	Colorectal tumour - Subject 0005-096	Illumina HiSeq 2000 sequencing: RNA-Seq analysis of A04433	PAIRED	PRJNA274775	Derivation of HLA types from shotgun sequence datasets	BCCAGSC	ftp.sra.ebi.ac.uk/vol1/fastq/SRR397/SRR397260/SRR397260_1.fastq.gz;ftp.sra.ebi.ac.uk/vol1/fastq/SRR397/SRR397260/SRR397260_2.fastq.gz	
SRR397261	SAMN00771176	A04434	Colorectal tumour - Subject 0005-097	Illumina HiSeq 2000 sequencing: RNA-Seq analysis of A04434	PAIRED	PRJNA274775	Derivation of HLA types from shotgun sequence datasets	BCCAGSC	ftp.sra.ebi.ac.uk/vol1/fastq/SRR397/SRR397261/SRR397261_1.fastq.gz;ftp.sra.ebi.ac.uk/vol1/fastq/SRR397/SRR397261/SRR397261_2.fastq.gz	
SRR397264	SAMN00771179	A04437	Colorectal tumour - Subject 0005-100	Illumina HiSeq 2000 sequencing: RNA-Seq analysis of A04437	PAIRED	PRJNA274775	Derivation of HLA types from shotgun sequence datasets	BCCAGSC	ftp.sra.ebi.ac.uk/vol1/fastq/SRR397/SRR397264/SRR397264_1.fastq.gz;ftp.sra.ebi.ac.uk/vol1/fastq/SRR397/SRR397264/SRR397264_2.fastq.gz	
SRR397265	SAMN00771180	A04438	Colorectal tumour - Subject 0005-101	Illumina HiSeq 2000 sequencing: RNA-Seq analysis of A04438	PAIRED	PRJNA274775	Derivation of HLA types from shotgun sequence datasets	BCCAGSC	ftp.sra.ebi.ac.uk/vol1/fastq/SRR397/SRR397265/SRR397265_1.fastq.gz;ftp.sra.ebi.ac.uk/vol1/fastq/SRR397/SRR397265/SRR397265_2.fastq.gz	
SRR397268	SAMN00771183	A04441	Normal colon epithelium - Subject 0005-068	Illumina HiSeq 2000 sequencing: RNA-Seq analysis of A04441	PAIRED	PRJNA274775	Derivation of HLA types from shotgun sequence datasets	BCCAGSC	ftp.sra.ebi.ac.uk/vol1/fastq/SRR397/SRR397268/SRR397268_1.fastq.gz;ftp.sra.ebi.ac.uk/vol1/fastq/SRR397/SRR397268/SRR397268_2.fastq.gz	
SRR397270	SAMN00771185	A04443	Normal colon epithelium - Subject 0005-070	Illumina HiSeq 2000 sequencing: RNA-Seq analysis of A04443	PAIRED	PRJNA274775	Derivation of HLA types from shotgun sequence datasets	BCCAGSC	ftp.sra.ebi.ac.uk/vol1/fastq/SRR397/SRR397270/SRR397270_1.fastq.gz;ftp.sra.ebi.ac.uk/vol1/fastq/SRR397/SRR397270/SRR397270_2.fastq.gz	
SRR397271	SAMN00771186	A04444	Normal colon epithelium - Subject 0005-071	Illumina HiSeq 2000 sequencing: RNA-Seq analysis of A04444	PAIRED	PRJNA274775	Derivation of HLA types from shotgun sequence datasets	BCCAGSC	ftp.sra.ebi.ac.uk/vol1/fastq/SRR397/SRR397271/SRR397271_1.fastq.gz;ftp.sra.ebi.ac.uk/vol1/fastq/SRR397/SRR397271/SRR397271_2.fastq.gz	
SRR397276	SAMN00771191	A04450	Normal colon epithelium - Subject 0005-079	Illumina HiSeq 2000 sequencing: RNA-Seq analysis of A04450	PAIRED	PRJNA274775	Derivation of HLA types from shotgun sequence datasets	BCCAGSC	ftp.sra.ebi.ac.uk/vol1/fastq/SRR397/SRR397276/SRR397276_1.fastq.gz;ftp.sra.ebi.ac.uk/vol1/fastq/SRR397/SRR397276/SRR397276_2.fastq.gz	
SRR397280	SAMN00771195	A04454	Normal colon epithelium - Subject 0005-086	Illumina HiSeq 2000 sequencing: RNA-Seq analysis of A04454	PAIRED	PRJNA274775	Derivation of HLA types from shotgun sequence datasets	BCCAGSC	ftp.sra.ebi.ac.uk/vol1/fastq/SRR397/SRR397280/SRR397280_1.fastq.gz;ftp.sra.ebi.ac.uk/vol1/fastq/SRR397/SRR397280/SRR397280_2.fastq.gz	
SRR397281	SAMN00771196	A04455	Normal colon epithelium - Subject 0005-087	Illumina HiSeq 2000 sequencing: RNA-Seq analysis of A04455	PAIRED	PRJNA274775	Derivation of HLA types from shotgun sequence datasets	BCCAGSC	ftp.sra.ebi.ac.uk/vol1/fastq/SRR397/SRR397281/SRR397281_1.fastq.gz;ftp.sra.ebi.ac.uk/vol1/fastq/SRR397/SRR397281/SRR397281_2.fastq.gz	
SRR397290	SAMN00771205	A04464	Normal colon epithelium - Subject 0005-096	Illumina HiSeq 2000 sequencing: RNA-Seq analysis of A04464	PAIRED	PRJNA274775	Derivation of HLA types from shotgun sequence datasets	BCCAGSC	ftp.sra.ebi.ac.uk/vol1/fastq/SRR397/SRR397290/SRR397290_1.fastq.gz;ftp.sra.ebi.ac.uk/vol1/fastq/SRR397/SRR397290/SRR397290_2.fastq.gz	
SRR397292	SAMN00771207	A04466	Normal colon epithelium - Subject 0005-098	Illumina HiSeq 2000 sequencing: RNA-Seq analysis of A04466	PAIRED	PRJNA274775	Derivation of HLA types from shotgun sequence datasets	BCCAGSC	ftp.sra.ebi.ac.uk/vol1/fastq/SRR397/SRR397292/SRR397292_1.fastq.gz;ftp.sra.ebi.ac.uk/vol1/fastq/SRR397/SRR397292/SRR397292_2.fastq.gz	
SRR397295	SAMN00771210	A04469	Normal colon epithelium - Subject 0005-101	Illumina HiSeq 2000 sequencing: RNA-Seq analysis of A04469	PAIRED	PRJNA274775	Derivation of HLA types from shotgun sequence datasets	BCCAGSC	ftp.sra.ebi.ac.uk/vol1/fastq/SRR397/SRR397295/SRR397295_1.fastq.gz;ftp.sra.ebi.ac.uk/vol1/fastq/SRR397/SRR397295/SRR397295_2.fastq.gz	
SRR397296	SAMN00771151	A04408	Colorectal tumour - Subject 0005-066	Illumina HiSeq 2000 sequencing: RNA-Seq analysis of A04408	PAIRED	PRJNA274775	Derivation of HLA types from shotgun sequence datasets	BCCAGSC	ftp.sra.ebi.ac.uk/vol1/fastq/SRR397/SRR397296/SRR397296_1.fastq.gz;ftp.sra.ebi.ac.uk/vol1/fastq/SRR397/SRR397296/SRR397296_2.fastq.gz	
SRR397298	SAMN00771153	A04410	Colorectal tumour - Subject 0005-068	Illumina HiSeq 2000 sequencing: RNA-Seq analysis of A04410	PAIRED	PRJNA274775	Derivation of HLA types from shotgun sequence datasets	BCCAGSC	ftp.sra.ebi.ac.uk/vol1/fastq/SRR397/SRR397298/SRR397298_1.fastq.gz;ftp.sra.ebi.ac.uk/vol1/fastq/SRR397/SRR397298/SRR397298_2.fastq.gz	
SRR397304	SAMN00771159	A04416	Colorectal tumour - Subject 0005-075	Illumina HiSeq 2000 sequencing: RNA-Seq analysis of A04416	PAIRED	PRJNA274775	Derivation of HLA types from shotgun sequence datasets	BCCAGSC	ftp.sra.ebi.ac.uk/vol1/fastq/SRR397/SRR397304/SRR397304_1.fastq.gz;ftp.sra.ebi.ac.uk/vol1/fastq/SRR397/SRR397304/SRR397304_2.fastq.gz	
SRR397306	SAMN00771161	A04419	Colorectal tumour - Subject 0005-079	Illumina HiSeq 2000 sequencing: RNA-Seq analysis of A04419	PAIRED	PRJNA274775	Derivation of HLA types from shotgun sequence datasets	BCCAGSC	ftp.sra.ebi.ac.uk/vol1/fastq/SRR397/SRR397306/SRR397306_1.fastq.gz;ftp.sra.ebi.ac.uk/vol1/fastq/SRR397/SRR397306/SRR397306_2.fastq.gz	
SRR397307	SAMN00771162	A04420	Colorectal tumour - Subject 0005-081	Illumina HiSeq 2000 sequencing: RNA-Seq analysis of A04420	PAIRED	PRJNA274775	Derivation of HLA types from shotgun sequence datasets	BCCAGSC	ftp.sra.ebi.ac.uk/vol1/fastq/SRR397/SRR397307/SRR397307_1.fastq.gz;ftp.sra.ebi.ac.uk/vol1/fastq/SRR397/SRR397307/SRR397307_2.fastq.gz	
SRR397311	SAMN00771166	A04424	Colorectal tumour - Subject 0005-087	Illumina HiSeq 2000 sequencing: RNA-Seq analysis of A04424	PAIRED	PRJNA274775	Derivation of HLA types from shotgun sequence datasets	BCCAGSC	ftp.sra.ebi.ac.uk/vol1/fastq/SRR397/SRR397311/SRR397311_1.fastq.gz;ftp.sra.ebi.ac.uk/vol1/fastq/SRR397/SRR397311/SRR397311_2.fastq.gz	
SRR397314	SAMN00771169	A04427	Colorectal tumour - Subject 0005-090	Illumina HiSeq 2000 sequencing: RNA-Seq analysis of A04427	PAIRED	PRJNA274775	Derivation of HLA types from shotgun sequence datasets	BCCAGSC	ftp.sra.ebi.ac.uk/vol1/fastq/SRR397/SRR397314/SRR397314_1.fastq.gz;ftp.sra.ebi.ac.uk/vol1/fastq/SRR397/SRR397314/SRR397314_2.fastq.gz	
SRR397315	SAMN00771170	A04428	Colorectal tumour - Subject 0005-091	Illumina HiSeq 2000 sequencing: RNA-Seq analysis of A04428	PAIRED	PRJNA274775	Derivation of HLA types from shotgun sequence datasets	BCCAGSC	ftp.sra.ebi.ac.uk/vol1/fastq/SRR397/SRR397315/SRR397315_1.fastq.gz;ftp.sra.ebi.ac.uk/vol1/fastq/SRR397/SRR397315/SRR397315_2.fastq.gz	
SRR397318	SAMN00771173	A04431	Colorectal tumour - Subject 0005-094	Illumina HiSeq 2000 sequencing: RNA-Seq analysis of A04431	PAIRED	PRJNA274775	Derivation of HLA types from shotgun sequence datasets	BCCAGSC	ftp.sra.ebi.ac.uk/vol1/fastq/SRR397/SRR397318/SRR397318_1.fastq.gz;ftp.sra.ebi.ac.uk/vol1/fastq/SRR397/SRR397318/SRR397318_2.fastq.gz	
SRR397323	SAMN00771178	A04436	Colorectal tumour - Subject 0005-099	Illumina HiSeq 2000 sequencing: RNA-Seq analysis of A04436	PAIRED	PRJNA274775	Derivation of HLA types from shotgun sequence datasets	BCCAGSC	ftp.sra.ebi.ac.uk/vol1/fastq/SRR397/SRR397323/SRR397323_1.fastq.gz;ftp.sra.ebi.ac.uk/vol1/fastq/SRR397/SRR397323/SRR397323_2.fastq.gz	
SRR397339	SAMN00771194	A04453	Normal colon epithelium - Subject 0005-085	Illumina HiSeq 2000 sequencing: RNA-Seq analysis of A04453	PAIRED	PRJNA274775	Derivation of HLA types from shotgun sequence datasets	BCCAGSC	ftp.sra.ebi.ac.uk/vol1/fastq/SRR397/SRR397339/SRR397339_1.fastq.gz;ftp.sra.ebi.ac.uk/vol1/fastq/SRR397/SRR397339/SRR397339_2.fastq.gz	
SRR397340	SAMN00771195	A04454	Normal colon epithelium - Subject 0005-086	Illumina HiSeq 2000 sequencing: RNA-Seq analysis of A04454	PAIRED	PRJNA274775	Derivation of HLA types from shotgun sequence datasets	BCCAGSC	ftp.sra.ebi.ac.uk/vol1/fastq/SRR397/SRR397340/SRR397340_1.fastq.gz;ftp.sra.ebi.ac.uk/vol1/fastq/SRR397/SRR397340/SRR397340_2.fastq.gz	
SRR397342	SAMN00771197	A04456	Normal colon epithelium - Subject 0005-088	Illumina HiSeq 2000 sequencing: RNA-Seq analysis of A04456	PAIRED	PRJNA274775	Derivation of HLA types from shotgun sequence datasets	BCCAGSC	ftp.sra.ebi.ac.uk/vol1/fastq/SRR397/SRR397342/SRR397342_1.fastq.gz;ftp.sra.ebi.ac.uk/vol1/fastq/SRR397/SRR397342/SRR397342_2.fastq.gz	
SRR397345	SAMN00771200	A04459	Normal colon epithelium - Subject 0005-091	Illumina HiSeq 2000 sequencing: RNA-Seq analysis of A04459	PAIRED	PRJNA274775	Derivation of HLA types from shotgun sequence datasets	BCCAGSC	ftp.sra.ebi.ac.uk/vol1/fastq/SRR397/SRR397345/SRR397345_1.fastq.gz;ftp.sra.ebi.ac.uk/vol1/fastq/SRR397/SRR397345/SRR397345_2.fastq.gz	
SRR397352	SAMN00771207	A04466	Normal colon epithelium - Subject 0005-098	Illumina HiSeq 2000 sequencing: RNA-Seq analysis of A04466	PAIRED	PRJNA274775	Derivation of HLA types from shotgun sequence datasets	BCCAGSC	ftp.sra.ebi.ac.uk/vol1/fastq/SRR397/SRR397352/SRR397352_1.fastq.gz;ftp.sra.ebi.ac.uk/vol1/fastq/SRR397/SRR397352/SRR397352_2.fastq.gz	
SRR397355	SAMN00771210	A04469	Normal colon epithelium - Subject 0005-101	Illumina HiSeq 2000 sequencing: RNA-Seq analysis of A04469	PAIRED	PRJNA274775	Derivation of HLA types from shotgun sequence datasets	BCCAGSC	ftp.sra.ebi.ac.uk/vol1/fastq/SRR397/SRR397355/SRR397355_1.fastq.gz;ftp.sra.ebi.ac.uk/vol1/fastq/SRR397/SRR397355/SRR397355_2.fastq.gz	
SRR397357	SAMN00771152	A04409	Colorectal tumour - Subject 0005-067	Illumina HiSeq 2000 sequencing: RNA-Seq analysis of A04409	PAIRED	PRJNA274775	Derivation of HLA types from shotgun sequence datasets	BCCAGSC	ftp.sra.ebi.ac.uk/vol1/fastq/SRR397/SRR397357/SRR397357_1.fastq.gz;ftp.sra.ebi.ac.uk/vol1/fastq/SRR397/SRR397357/SRR397357_2.fastq.gz	
SRR397360	SAMN00771155	A04412	Colorectal tumour - Subject 0005-070	Illumina HiSeq 2000 sequencing: RNA-Seq analysis of A04412	PAIRED	PRJNA274775	Derivation of HLA types from shotgun sequence datasets	BCCAGSC	ftp.sra.ebi.ac.uk/vol1/fastq/SRR397/SRR397360/SRR397360_1.fastq.gz;ftp.sra.ebi.ac.uk/vol1/fastq/SRR397/SRR397360/SRR397360_2.fastq.gz	
SRR397361	SAMN00771156	A04413	Colorectal tumour - Subject 0005-071	Illumina HiSeq 2000 sequencing: RNA-Seq analysis of A04413	PAIRED	PRJNA274775	Derivation of HLA types from shotgun sequence datasets	BCCAGSC	ftp.sra.ebi.ac.uk/vol1/fastq/SRR397/SRR397361/SRR397361_1.fastq.gz;ftp.sra.ebi.ac.uk/vol1/fastq/SRR397/SRR397361/SRR397361_2.fastq.gz	
SRR397363	SAMN00771158	A04415	Colorectal tumour - Subject 0005-074	Illumina HiSeq 2000 sequencing: RNA-Seq analysis of A04415	PAIRED	PRJNA274775	Derivation of HLA types from shotgun sequence datasets	BCCAGSC	ftp.sra.ebi.ac.uk/vol1/fastq/SRR397/SRR397363/SRR397363_1.fastq.gz;ftp.sra.ebi.ac.uk/vol1/fastq/SRR397/SRR397363/SRR397363_2.fastq.gz	
SRR397366	SAMN00771161	A04419	Colorectal tumour - Subject 0005-079	Illumina HiSeq 2000 sequencing: RNA-Seq analysis of A04419	PAIRED	PRJNA274775	Derivation of HLA types from shotgun sequence datasets	BCCAGSC	ftp.sra.ebi.ac.uk/vol1/fastq/SRR397/SRR397366/SRR397366_1.fastq.gz;ftp.sra.ebi.ac.uk/vol1/fastq/SRR397/SRR397366/SRR397366_2.fastq.gz	
SRR397367	SAMN00771162	A04420	Colorectal tumour - Subject 0005-081	Illumina HiSeq 2000 sequencing: RNA-Seq analysis of A04420	PAIRED	PRJNA274775	Derivation of HLA types from shotgun sequence datasets	BCCAGSC	ftp.sra.ebi.ac.uk/vol1/fastq/SRR397/SRR397367/SRR397367_1.fastq.gz;ftp.sra.ebi.ac.uk/vol1/fastq/SRR397/SRR397367/SRR397367_2.fastq.gz	
SRR397371	SAMN00771166	A04424	Colorectal tumour - Subject 0005-087	Illumina HiSeq 2000 sequencing: RNA-Seq analysis of A04424	PAIRED	PRJNA274775	Derivation of HLA types from shotgun sequence datasets	BCCAGSC	ftp.sra.ebi.ac.uk/vol1/fastq/SRR397/SRR397371/SRR397371_1.fastq.gz;ftp.sra.ebi.ac.uk/vol1/fastq/SRR397/SRR397371/SRR397371_2.fastq.gz	
SRR397372	SAMN00771167	A04425	Colorectal tumour - Subject 0005-088	Illumina HiSeq 2000 sequencing: RNA-Seq analysis of A04425	PAIRED	PRJNA274775	Derivation of HLA types from shotgun sequence datasets	BCCAGSC	ftp.sra.ebi.ac.uk/vol1/fastq/SRR397/SRR397372/SRR397372_1.fastq.gz;ftp.sra.ebi.ac.uk/vol1/fastq/SRR397/SRR397372/SRR397372_2.fastq.gz	
SRR397375	SAMN00771170	A04428	Colorectal tumour - Subject 0005-091	Illumina HiSeq 2000 sequencing: RNA-Seq analysis of A04428	PAIRED	PRJNA274775	Derivation of HLA types from shotgun sequence datasets	BCCAGSC	ftp.sra.ebi.ac.uk/vol1/fastq/SRR397/SRR397375/SRR397375_1.fastq.gz;ftp.sra.ebi.ac.uk/vol1/fastq/SRR397/SRR397375/SRR397375_2.fastq.gz	
SRR397377	SAMN00771172	A04430	Colorectal tumour - Subject 0005-093	Illumina HiSeq 2000 sequencing: RNA-Seq analysis of A04430	PAIRED	PRJNA274775	Derivation of HLA types from shotgun sequence datasets	BCCAGSC	ftp.sra.ebi.ac.uk/vol1/fastq/SRR397/SRR397377/SRR397377_1.fastq.gz;ftp.sra.ebi.ac.uk/vol1/fastq/SRR397/SRR397377/SRR397377_2.fastq.gz	
SRR397380	SAMN00771175	A04433	Colorectal tumour - Subject 0005-096	Illumina HiSeq 2000 sequencing: RNA-Seq analysis of A04433	PAIRED	PRJNA274775	Derivation of HLA types from shotgun sequence datasets	BCCAGSC	ftp.sra.ebi.ac.uk/vol1/fastq/SRR397/SRR397380/SRR397380_1.fastq.gz;ftp.sra.ebi.ac.uk/vol1/fastq/SRR397/SRR397380/SRR397380_2.fastq.gz	
SRR397382	SAMN00771177	A04435	Colorectal tumour - Subject 0005-098	Illumina HiSeq 2000 sequencing: RNA-Seq analysis of A04435	PAIRED	PRJNA274775	Derivation of HLA types from shotgun sequence datasets	BCCAGSC	ftp.sra.ebi.ac.uk/vol1/fastq/SRR397/SRR397382/SRR397382_1.fastq.gz;ftp.sra.ebi.ac.uk/vol1/fastq/SRR397/SRR397382/SRR397382_2.fastq.gz	
SRR397386	SAMN00771181	A04439	Normal colon epithelium - Subject 0005-066	Illumina HiSeq 2000 sequencing: RNA-Seq analysis of A04439	PAIRED	PRJNA274775	Derivation of HLA types from shotgun sequence datasets	BCCAGSC	ftp.sra.ebi.ac.uk/vol1/fastq/SRR397/SRR397386/SRR397386_1.fastq.gz;ftp.sra.ebi.ac.uk/vol1/fastq/SRR397/SRR397386/SRR397386_2.fastq.gz	
SRR397388	SAMN00771183	A04441	Normal colon epithelium - Subject 0005-068	Illumina HiSeq 2000 sequencing: RNA-Seq analysis of A04441	PAIRED	PRJNA274775	Derivation of HLA types from shotgun sequence datasets	BCCAGSC	ftp.sra.ebi.ac.uk/vol1/fastq/SRR397/SRR397388/SRR397388_1.fastq.gz;ftp.sra.ebi.ac.uk/vol1/fastq/SRR397/SRR397388/SRR397388_2.fastq.gz	
SRR397398	SAMN00771193	A04452	Normal colon epithelium - Subject 0005-083	Illumina HiSeq 2000 sequencing: RNA-Seq analysis of A04452	PAIRED	PRJNA274775	Derivation of HLA types from shotgun sequence datasets	BCCAGSC	ftp.sra.ebi.ac.uk/vol1/fastq/SRR397/SRR397398/SRR397398_1.fastq.gz;ftp.sra.ebi.ac.uk/vol1/fastq/SRR397/SRR397398/SRR397398_2.fastq.gz	
SRR397400	SAMN00771195	A04454	Normal colon epithelium - Subject 0005-086	Illumina HiSeq 2000 sequencing: RNA-Seq analysis of A04454	PAIRED	PRJNA274775	Derivation of HLA types from shotgun sequence datasets	BCCAGSC	ftp.sra.ebi.ac.uk/vol1/fastq/SRR397/SRR397400/SRR397400_1.fastq.gz;ftp.sra.ebi.ac.uk/vol1/fastq/SRR397/SRR397400/SRR397400_2.fastq.gz	
SRR397401	SAMN00771196	A04455	Normal colon epithelium - Subject 0005-087	Illumina HiSeq 2000 sequencing: RNA-Seq analysis of A04455	PAIRED	PRJNA274775	Derivation of HLA types from shotgun sequence datasets	BCCAGSC	ftp.sra.ebi.ac.uk/vol1/fastq/SRR397/SRR397401/SRR397401_1.fastq.gz;ftp.sra.ebi.ac.uk/vol1/fastq/SRR397/SRR397401/SRR397401_2.fastq.gz	
SRR397403	SAMN00771198	A04457	Normal colon epithelium - Subject 0005-089	Illumina HiSeq 2000 sequencing: RNA-Seq analysis of A04457	PAIRED	PRJNA274775	Derivation of HLA types from shotgun sequence datasets	BCCAGSC	ftp.sra.ebi.ac.uk/vol1/fastq/SRR397/SRR397403/SRR397403_1.fastq.gz;ftp.sra.ebi.ac.uk/vol1/fastq/SRR397/SRR397403/SRR397403_2.fastq.gz	
SRR397404	SAMN00771199	A04458	Normal colon epithelium - Subject 0005-090	Illumina HiSeq 2000 sequencing: RNA-Seq analysis of A04458	PAIRED	PRJNA274775	Derivation of HLA types from shotgun sequence datasets	BCCAGSC	ftp.sra.ebi.ac.uk/vol1/fastq/SRR397/SRR397404/SRR397404_1.fastq.gz;ftp.sra.ebi.ac.uk/vol1/fastq/SRR397/SRR397404/SRR397404_2.fastq.gz	
SRR397408	SAMN00771203	A04462	Normal colon epithelium - Subject 0005-094	Illumina HiSeq 2000 sequencing: RNA-Seq analysis of A04462	PAIRED	PRJNA274775	Derivation of HLA types from shotgun sequence datasets	BCCAGSC	ftp.sra.ebi.ac.uk/vol1/fastq/SRR397/SRR397408/SRR397408_1.fastq.gz;ftp.sra.ebi.ac.uk/vol1/fastq/SRR397/SRR397408/SRR397408_2.fastq.gz	
SRR397409	SAMN00771204	A04463	Normal colon epithelium - Subject 0005-095	Illumina HiSeq 2000 sequencing: RNA-Seq analysis of A04463	PAIRED	PRJNA274775	Derivation of HLA types from shotgun sequence datasets	BCCAGSC	ftp.sra.ebi.ac.uk/vol1/fastq/SRR397/SRR397409/SRR397409_1.fastq.gz;ftp.sra.ebi.ac.uk/vol1/fastq/SRR397/SRR397409/SRR397409_2.fastq.gz	
SRR397415	SAMN00771210	A04469	Normal colon epithelium - Subject 0005-101	Illumina HiSeq 2000 sequencing: RNA-Seq analysis of A04469	PAIRED	PRJNA274775	Derivation of HLA types from shotgun sequence datasets	BCCAGSC	ftp.sra.ebi.ac.uk/vol1/fastq/SRR397/SRR397415/SRR397415_1.fastq.gz;ftp.sra.ebi.ac.uk/vol1/fastq/SRR397/SRR397415/SRR397415_2.fastq.gz	
SRR396889	SAMN00771080	A02687	Colorectal tumour - Subject 0005-014	Illumina HiSeq 2000 sequencing: RNA-Seq analysis of A02687	PAIRED	PRJNA274775	Derivation of HLA types from shotgun sequence datasets	BCCAGSC	ftp.sra.ebi.ac.uk/vol1/fastq/SRR396/SRR396889/SRR396889_1.fastq.gz;ftp.sra.ebi.ac.uk/vol1/fastq/SRR396/SRR396889/SRR396889_2.fastq.gz	
SRR396895	SAMN00771086	A02693	Colorectal tumour - Subject 0005-027	Illumina HiSeq 2000 sequencing: RNA-Seq analysis of A02693	PAIRED	PRJNA274775	Derivation of HLA types from shotgun sequence datasets	BCCAGSC	ftp.sra.ebi.ac.uk/vol1/fastq/SRR396/SRR396895/SRR396895_1.fastq.gz;ftp.sra.ebi.ac.uk/vol1/fastq/SRR396/SRR396895/SRR396895_2.fastq.gz	
SRR396902	SAMN00771093	A02700	Colorectal tumour - Subject 0005-035	Illumina HiSeq 2000 sequencing: RNA-Seq analysis of A02700	PAIRED	PRJNA274775	Derivation of HLA types from shotgun sequence datasets	BCCAGSC	ftp.sra.ebi.ac.uk/vol1/fastq/SRR396/SRR396902/SRR396902_1.fastq.gz;ftp.sra.ebi.ac.uk/vol1/fastq/SRR396/SRR396902/SRR396902_2.fastq.gz	
SRR396904	SAMN00771095	A02702	Colorectal tumour - Subject 0005-037	Illumina HiSeq 2000 sequencing: RNA-Seq analysis of A02702	PAIRED	PRJNA274775	Derivation of HLA types from shotgun sequence datasets	BCCAGSC	ftp.sra.ebi.ac.uk/vol1/fastq/SRR396/SRR396904/SRR396904_1.fastq.gz;ftp.sra.ebi.ac.uk/vol1/fastq/SRR396/SRR396904/SRR396904_2.fastq.gz	
SRR396910	SAMN00771101	A02708	Colorectal tumour - Subject 0005-049	Illumina HiSeq 2000 sequencing: RNA-Seq analysis of A02708	PAIRED	PRJNA274775	Derivation of HLA types from shotgun sequence datasets	BCCAGSC	ftp.sra.ebi.ac.uk/vol1/fastq/SRR396/SRR396910/SRR396910_1.fastq.gz;ftp.sra.ebi.ac.uk/vol1/fastq/SRR396/SRR396910/SRR396910_2.fastq.gz	
SRR396911	SAMN00771102	A02709	Colorectal tumour - Subject 0005-050	Illumina HiSeq 2000 sequencing: RNA-Seq analysis of A02709	PAIRED	PRJNA274775	Derivation of HLA types from shotgun sequence datasets	BCCAGSC	ftp.sra.ebi.ac.uk/vol1/fastq/SRR396/SRR396911/SRR396911_1.fastq.gz;ftp.sra.ebi.ac.uk/vol1/fastq/SRR396/SRR396911/SRR396911_2.fastq.gz	
SRR396917	SAMN00771108	A02715	Colorectal tumour - Subject 0005-058	Illumina HiSeq 2000 sequencing: RNA-Seq analysis of A02715	PAIRED	PRJNA274775	Derivation of HLA types from shotgun sequence datasets	BCCAGSC	ftp.sra.ebi.ac.uk/vol1/fastq/SRR396/SRR396917/SRR396917_1.fastq.gz;ftp.sra.ebi.ac.uk/vol1/fastq/SRR396/SRR396917/SRR396917_2.fastq.gz	
SRR396922	SAMN00771113	A02720	Colorectal tumour - Subject 0005-064	Illumina HiSeq 2000 sequencing: RNA-Seq analysis of A02720	PAIRED	PRJNA274775	Derivation of HLA types from shotgun sequence datasets	BCCAGSC	ftp.sra.ebi.ac.uk/vol1/fastq/SRR396/SRR396922/SRR396922_1.fastq.gz;ftp.sra.ebi.ac.uk/vol1/fastq/SRR396/SRR396922/SRR396922_2.fastq.gz	
SRR396923	SAMN00771114	A02721	Colorectal tumour - Subject 0005-065	Illumina HiSeq 2000 sequencing: RNA-Seq analysis of A02721	PAIRED	PRJNA274775	Derivation of HLA types from shotgun sequence datasets	BCCAGSC	ftp.sra.ebi.ac.uk/vol1/fastq/SRR396/SRR396923/SRR396923_1.fastq.gz;ftp.sra.ebi.ac.uk/vol1/fastq/SRR396/SRR396923/SRR396923_2.fastq.gz	
SRR396925	SAMN00771116	A02723	Normal colon epithelium - Subject 0005-014	Illumina HiSeq 2000 sequencing: RNA-Seq analysis of A02723	PAIRED	PRJNA274775	Derivation of HLA types from shotgun sequence datasets	BCCAGSC	ftp.sra.ebi.ac.uk/vol1/fastq/SRR396/SRR396925/SRR396925_1.fastq.gz;ftp.sra.ebi.ac.uk/vol1/fastq/SRR396/SRR396925/SRR396925_2.fastq.gz	
SRR396931	SAMN00771122	A02729	Normal colon epithelium - Subject 0005-027	Illumina HiSeq 2000 sequencing: RNA-Seq analysis of A02729	PAIRED	PRJNA274775	Derivation of HLA types from shotgun sequence datasets	BCCAGSC	ftp.sra.ebi.ac.uk/vol1/fastq/SRR396/SRR396931/SRR396931_1.fastq.gz;ftp.sra.ebi.ac.uk/vol1/fastq/SRR396/SRR396931/SRR396931_2.fastq.gz	
SRR396932	SAMN00771123	A02730	Normal colon epithelium - Subject 0005-028	Illumina HiSeq 2000 sequencing: RNA-Seq analysis of A02730	PAIRED	PRJNA274775	Derivation of HLA types from shotgun sequence datasets	BCCAGSC	ftp.sra.ebi.ac.uk/vol1/fastq/SRR396/SRR396932/SRR396932_1.fastq.gz;ftp.sra.ebi.ac.uk/vol1/fastq/SRR396/SRR396932/SRR396932_2.fastq.gz	
SRR396933	SAMN00771124	A02731	Normal colon epithelium - Subject 0005-030	Illumina HiSeq 2000 sequencing: RNA-Seq analysis of A02731	PAIRED	PRJNA274775	Derivation of HLA types from shotgun sequence datasets	BCCAGSC	ftp.sra.ebi.ac.uk/vol1/fastq/SRR396/SRR396933/SRR396933_1.fastq.gz;ftp.sra.ebi.ac.uk/vol1/fastq/SRR396/SRR396933/SRR396933_2.fastq.gz	
SRR396936	SAMN00771127	A02734	Normal colon epithelium - Subject 0005-033	Illumina HiSeq 2000 sequencing: RNA-Seq analysis of A02734	PAIRED	PRJNA274775	Derivation of HLA types from shotgun sequence datasets	BCCAGSC	ftp.sra.ebi.ac.uk/vol1/fastq/SRR396/SRR396936/SRR396936_1.fastq.gz;ftp.sra.ebi.ac.uk/vol1/fastq/SRR396/SRR396936/SRR396936_2.fastq.gz	
SRR396938	SAMN00771129	A02736	Normal colon epithelium - Subject 0005-035	Illumina HiSeq 2000 sequencing: RNA-Seq analysis of A02736	PAIRED	PRJNA274775	Derivation of HLA types from shotgun sequence datasets	BCCAGSC	ftp.sra.ebi.ac.uk/vol1/fastq/SRR396/SRR396938/SRR396938_1.fastq.gz;ftp.sra.ebi.ac.uk/vol1/fastq/SRR396/SRR396938/SRR396938_2.fastq.gz	
SRR396941	SAMN00771132	A02739	Normal colon epithelium - Subject 0005-040	Illumina HiSeq 2000 sequencing: RNA-Seq analysis of A02739	PAIRED	PRJNA274775	Derivation of HLA types from shotgun sequence datasets	BCCAGSC	ftp.sra.ebi.ac.uk/vol1/fastq/SRR396/SRR396941/SRR396941_1.fastq.gz;ftp.sra.ebi.ac.uk/vol1/fastq/SRR396/SRR396941/SRR396941_2.fastq.gz	
SRR396944	SAMN00771135	A02742	Normal colon epithelium - Subject 0005-044	Illumina HiSeq 2000 sequencing: RNA-Seq analysis of A02742	PAIRED	PRJNA274775	Derivation of HLA types from shotgun sequence datasets	BCCAGSC	ftp.sra.ebi.ac.uk/vol1/fastq/SRR396/SRR396944/SRR396944_1.fastq.gz;ftp.sra.ebi.ac.uk/vol1/fastq/SRR396/SRR396944/SRR396944_2.fastq.gz	
SRR396945	SAMN00771136	A02743	Normal colon epithelium - Subject 0005-047	Illumina HiSeq 2000 sequencing: RNA-Seq analysis of A02743	PAIRED	PRJNA274775	Derivation of HLA types from shotgun sequence datasets	BCCAGSC	ftp.sra.ebi.ac.uk/vol1/fastq/SRR396/SRR396945/SRR396945_1.fastq.gz;ftp.sra.ebi.ac.uk/vol1/fastq/SRR396/SRR396945/SRR396945_2.fastq.gz	
SRR396946	SAMN00771137	A02744	Normal colon epithelium - Subject 0005-049	Illumina HiSeq 2000 sequencing: RNA-Seq analysis of A02744	PAIRED	PRJNA274775	Derivation of HLA types from shotgun sequence datasets	BCCAGSC	ftp.sra.ebi.ac.uk/vol1/fastq/SRR396/SRR396946/SRR396946_1.fastq.gz;ftp.sra.ebi.ac.uk/vol1/fastq/SRR396/SRR396946/SRR396946_2.fastq.gz	
SRR396947	SAMN00771138	A02745	Normal colon epithelium - Subject 0005-050	Illumina HiSeq 2000 sequencing: RNA-Seq analysis of A02745	PAIRED	PRJNA274775	Derivation of HLA types from shotgun sequence datasets	BCCAGSC	ftp.sra.ebi.ac.uk/vol1/fastq/SRR396/SRR396947/SRR396947_1.fastq.gz;ftp.sra.ebi.ac.uk/vol1/fastq/SRR396/SRR396947/SRR396947_2.fastq.gz	
SRR396958	SAMN00771149	A02756	Normal colon epithelium - Subject 0005-064	Illumina HiSeq 2000 sequencing: RNA-Seq analysis of A02756	PAIRED	PRJNA274775	Derivation of HLA types from shotgun sequence datasets	BCCAGSC	ftp.sra.ebi.ac.uk/vol1/fastq/SRR396/SRR396958/SRR396958_1.fastq.gz;ftp.sra.ebi.ac.uk/vol1/fastq/SRR396/SRR396958/SRR396958_2.fastq.gz	
SRR396959	SAMN00771150	A02757	Normal colon epithelium - Subject 0005-065	Illumina HiSeq 2000 sequencing: RNA-Seq analysis of A02757	PAIRED	PRJNA274775	Derivation of HLA types from shotgun sequence datasets	BCCAGSC	ftp.sra.ebi.ac.uk/vol1/fastq/SRR396/SRR396959/SRR396959_1.fastq.gz;ftp.sra.ebi.ac.uk/vol1/fastq/SRR396/SRR396959/SRR396959_2.fastq.gz	
SRR396960	SAMN00771079	A02686	Colorectal tumour - Subject 0005-013	Illumina HiSeq 2000 sequencing: RNA-Seq analysis of A02686	PAIRED	PRJNA274775	Derivation of HLA types from shotgun sequence datasets	BCCAGSC	ftp.sra.ebi.ac.uk/vol1/fastq/SRR396/SRR396960/SRR396960_1.fastq.gz;ftp.sra.ebi.ac.uk/vol1/fastq/SRR396/SRR396960/SRR396960_2.fastq.gz	
SRR396964	SAMN00771083	A02690	Colorectal tumour - Subject 0005-020	Illumina HiSeq 2000 sequencing: RNA-Seq analysis of A02690	PAIRED	PRJNA274775	Derivation of HLA types from shotgun sequence datasets	BCCAGSC	ftp.sra.ebi.ac.uk/vol1/fastq/SRR396/SRR396964/SRR396964_1.fastq.gz;ftp.sra.ebi.ac.uk/vol1/fastq/SRR396/SRR396964/SRR396964_2.fastq.gz	
SRR396969	SAMN00771088	A02695	Colorectal tumour - Subject 0005-030	Illumina HiSeq 2000 sequencing: RNA-Seq analysis of A02695	PAIRED	PRJNA274775	Derivation of HLA types from shotgun sequence datasets	BCCAGSC	ftp.sra.ebi.ac.uk/vol1/fastq/SRR396/SRR396969/SRR396969_1.fastq.gz;ftp.sra.ebi.ac.uk/vol1/fastq/SRR396/SRR396969/SRR396969_2.fastq.gz	
SRR396973	SAMN00771092	A02699	Colorectal tumour - Subject 0005-034	Illumina HiSeq 2000 sequencing: RNA-Seq analysis of A02699	PAIRED	PRJNA274775	Derivation of HLA types from shotgun sequence datasets	BCCAGSC	ftp.sra.ebi.ac.uk/vol1/fastq/SRR396/SRR396973/SRR396973_1.fastq.gz;ftp.sra.ebi.ac.uk/vol1/fastq/SRR396/SRR396973/SRR396973_2.fastq.gz	
SRR396975	SAMN00771094	A02701	Colorectal tumour - Subject 0005-036	Illumina HiSeq 2000 sequencing: RNA-Seq analysis of A02701	PAIRED	PRJNA274775	Derivation of HLA types from shotgun sequence datasets	BCCAGSC	ftp.sra.ebi.ac.uk/vol1/fastq/SRR396/SRR396975/SRR396975_1.fastq.gz;ftp.sra.ebi.ac.uk/vol1/fastq/SRR396/SRR396975/SRR396975_2.fastq.gz	
SRR396978	SAMN00771097	A02704	Colorectal tumour - Subject 0005-042	Illumina HiSeq 2000 sequencing: RNA-Seq analysis of A02704	PAIRED	PRJNA274775	Derivation of HLA types from shotgun sequence datasets	BCCAGSC	ftp.sra.ebi.ac.uk/vol1/fastq/SRR396/SRR396978/SRR396978_1.fastq.gz;ftp.sra.ebi.ac.uk/vol1/fastq/SRR396/SRR396978/SRR396978_2.fastq.gz	
SRR396979	SAMN00771098	A02705	Colorectal tumour - Subject 0005-043	Illumina HiSeq 2000 sequencing: RNA-Seq analysis of A02705	PAIRED	PRJNA274775	Derivation of HLA types from shotgun sequence datasets	BCCAGSC	ftp.sra.ebi.ac.uk/vol1/fastq/SRR396/SRR396979/SRR396979_1.fastq.gz;ftp.sra.ebi.ac.uk/vol1/fastq/SRR396/SRR396979/SRR396979_2.fastq.gz	
SRR396980	SAMN00771099	A02706	Colorectal tumour - Subject 0005-044	Illumina HiSeq 2000 sequencing: RNA-Seq analysis of A02706	PAIRED	PRJNA274775	Derivation of HLA types from shotgun sequence datasets	BCCAGSC	ftp.sra.ebi.ac.uk/vol1/fastq/SRR396/SRR396980/SRR396980_1.fastq.gz;ftp.sra.ebi.ac.uk/vol1/fastq/SRR396/SRR396980/SRR396980_2.fastq.gz	
SRR396983	SAMN00771102	A02709	Colorectal tumour - Subject 0005-050	Illumina HiSeq 2000 sequencing: RNA-Seq analysis of A02709	PAIRED	PRJNA274775	Derivation of HLA types from shotgun sequence datasets	BCCAGSC	ftp.sra.ebi.ac.uk/vol1/fastq/SRR396/SRR396983/SRR396983_1.fastq.gz;ftp.sra.ebi.ac.uk/vol1/fastq/SRR396/SRR396983/SRR396983_2.fastq.gz	
SRR396998	SAMN00771117	A02724	Normal colon epithelium - Subject 0005-017	Illumina HiSeq 2000 sequencing: RNA-Seq analysis of A02724	PAIRED	PRJNA274775	Derivation of HLA types from shotgun sequence datasets	BCCAGSC	ftp.sra.ebi.ac.uk/vol1/fastq/SRR396/SRR396998/SRR396998_1.fastq.gz;ftp.sra.ebi.ac.uk/vol1/fastq/SRR396/SRR396998/SRR396998_2.fastq.gz	
SRR396999	SAMN00771118	A02725	Normal colon epithelium - Subject 0005-019	Illumina HiSeq 2000 sequencing: RNA-Seq analysis of A02725	PAIRED	PRJNA274775	Derivation of HLA types from shotgun sequence datasets	BCCAGSC	ftp.sra.ebi.ac.uk/vol1/fastq/SRR396/SRR396999/SRR396999_1.fastq.gz;ftp.sra.ebi.ac.uk/vol1/fastq/SRR396/SRR396999/SRR396999_2.fastq.gz	
SRR397000	SAMN00771119	A02726	Normal colon epithelium - Subject 0005-020	Illumina HiSeq 2000 sequencing: RNA-Seq analysis of A02726	PAIRED	PRJNA274775	Derivation of HLA types from shotgun sequence datasets	BCCAGSC	ftp.sra.ebi.ac.uk/vol1/fastq/SRR397/SRR397000/SRR397000_1.fastq.gz;ftp.sra.ebi.ac.uk/vol1/fastq/SRR397/SRR397000/SRR397000_2.fastq.gz	
SRR397003	SAMN00771122	A02729	Normal colon epithelium - Subject 0005-027	Illumina HiSeq 2000 sequencing: RNA-Seq analysis of A02729	PAIRED	PRJNA274775	Derivation of HLA types from shotgun sequence datasets	BCCAGSC	ftp.sra.ebi.ac.uk/vol1/fastq/SRR397/SRR397003/SRR397003_1.fastq.gz;ftp.sra.ebi.ac.uk/vol1/fastq/SRR397/SRR397003/SRR397003_2.fastq.gz	
SRR397005	SAMN00771124	A02731	Normal colon epithelium - Subject 0005-030	Illumina HiSeq 2000 sequencing: RNA-Seq analysis of A02731	PAIRED	PRJNA274775	Derivation of HLA types from shotgun sequence datasets	BCCAGSC	ftp.sra.ebi.ac.uk/vol1/fastq/SRR397/SRR397005/SRR397005_1.fastq.gz;ftp.sra.ebi.ac.uk/vol1/fastq/SRR397/SRR397005/SRR397005_2.fastq.gz	
SRR397006	SAMN00771125	A02732	Normal colon epithelium - Subject 0005-031	Illumina HiSeq 2000 sequencing: RNA-Seq analysis of A02732	PAIRED	PRJNA274775	Derivation of HLA types from shotgun sequence datasets	BCCAGSC	ftp.sra.ebi.ac.uk/vol1/fastq/SRR397/SRR397006/SRR397006_1.fastq.gz;ftp.sra.ebi.ac.uk/vol1/fastq/SRR397/SRR397006/SRR397006_2.fastq.gz	
SRR397009	SAMN00771128	A02735	Normal colon epithelium - Subject 0005-034	Illumina HiSeq 2000 sequencing: RNA-Seq analysis of A02735	PAIRED	PRJNA274775	Derivation of HLA types from shotgun sequence datasets	BCCAGSC	ftp.sra.ebi.ac.uk/vol1/fastq/SRR397/SRR397009/SRR397009_1.fastq.gz;ftp.sra.ebi.ac.uk/vol1/fastq/SRR397/SRR397009/SRR397009_2.fastq.gz	
SRR397018	SAMN00771137	A02744	Normal colon epithelium - Subject 0005-049	Illumina HiSeq 2000 sequencing: RNA-Seq analysis of A02744	PAIRED	PRJNA274775	Derivation of HLA types from shotgun sequence datasets	BCCAGSC	ftp.sra.ebi.ac.uk/vol1/fastq/SRR397/SRR397018/SRR397018_1.fastq.gz;ftp.sra.ebi.ac.uk/vol1/fastq/SRR397/SRR397018/SRR397018_2.fastq.gz	
SRR397021	SAMN00771140	A02747	Normal colon epithelium - Subject 0005-053	Illumina HiSeq 2000 sequencing: RNA-Seq analysis of A02747	PAIRED	PRJNA274775	Derivation of HLA types from shotgun sequence datasets	BCCAGSC	ftp.sra.ebi.ac.uk/vol1/fastq/SRR397/SRR397021/SRR397021_1.fastq.gz;ftp.sra.ebi.ac.uk/vol1/fastq/SRR397/SRR397021/SRR397021_2.fastq.gz	
SRR397023	SAMN00771142	A02749	Normal colon epithelium - Subject 0005-056	Illumina HiSeq 2000 sequencing: RNA-Seq analysis of A02749	PAIRED	PRJNA274775	Derivation of HLA types from shotgun sequence datasets	BCCAGSC	ftp.sra.ebi.ac.uk/vol1/fastq/SRR397/SRR397023/SRR397023_1.fastq.gz;ftp.sra.ebi.ac.uk/vol1/fastq/SRR397/SRR397023/SRR397023_2.fastq.gz	
SRR397026	SAMN00771145	A02752	Normal colon epithelium - Subject 0005-059	Illumina HiSeq 2000 sequencing: RNA-Seq analysis of A02752	PAIRED	PRJNA274775	Derivation of HLA types from shotgun sequence datasets	BCCAGSC	ftp.sra.ebi.ac.uk/vol1/fastq/SRR397/SRR397026/SRR397026_1.fastq.gz;ftp.sra.ebi.ac.uk/vol1/fastq/SRR397/SRR397026/SRR397026_2.fastq.gz	
SRR397030	SAMN00771149	A02756	Normal colon epithelium - Subject 0005-064	Illumina HiSeq 2000 sequencing: RNA-Seq analysis of A02756	PAIRED	PRJNA274775	Derivation of HLA types from shotgun sequence datasets	BCCAGSC	ftp.sra.ebi.ac.uk/vol1/fastq/SRR397/SRR397030/SRR397030_1.fastq.gz;ftp.sra.ebi.ac.uk/vol1/fastq/SRR397/SRR397030/SRR397030_2.fastq.gz	
SRR397031	SAMN00771150	A02757	Normal colon epithelium - Subject 0005-065	Illumina HiSeq 2000 sequencing: RNA-Seq analysis of A02757	PAIRED	PRJNA274775	Derivation of HLA types from shotgun sequence datasets	BCCAGSC	ftp.sra.ebi.ac.uk/vol1/fastq/SRR397/SRR397031/SRR397031_1.fastq.gz;ftp.sra.ebi.ac.uk/vol1/fastq/SRR397/SRR397031/SRR397031_2.fastq.gz	
SRR397032	SAMN00771079	A02686	Colorectal tumour - Subject 0005-013	Illumina HiSeq 2000 sequencing: RNA-Seq analysis of A02686	PAIRED	PRJNA274775	Derivation of HLA types from shotgun sequence datasets	BCCAGSC	ftp.sra.ebi.ac.uk/vol1/fastq/SRR397/SRR397032/SRR397032_1.fastq.gz;ftp.sra.ebi.ac.uk/vol1/fastq/SRR397/SRR397032/SRR397032_2.fastq.gz	
SRR397033	SAMN00771080	A02687	Colorectal tumour - Subject 0005-014	Illumina HiSeq 2000 sequencing: RNA-Seq analysis of A02687	PAIRED	PRJNA274775	Derivation of HLA types from shotgun sequence datasets	BCCAGSC	ftp.sra.ebi.ac.uk/vol1/fastq/SRR397/SRR397033/SRR397033_1.fastq.gz;ftp.sra.ebi.ac.uk/vol1/fastq/SRR397/SRR397033/SRR397033_2.fastq.gz	
SRR397036	SAMN00771083	A02690	Colorectal tumour - Subject 0005-020	Illumina HiSeq 2000 sequencing: RNA-Seq analysis of A02690	PAIRED	PRJNA274775	Derivation of HLA types from shotgun sequence datasets	BCCAGSC	ftp.sra.ebi.ac.uk/vol1/fastq/SRR397/SRR397036/SRR397036_1.fastq.gz;ftp.sra.ebi.ac.uk/vol1/fastq/SRR397/SRR397036/SRR397036_2.fastq.gz	
SRR397044	SAMN00771091	A02698	Colorectal tumour - Subject 0005-033	Illumina HiSeq 2000 sequencing: RNA-Seq analysis of A02698	PAIRED	PRJNA274775	Derivation of HLA types from shotgun sequence datasets	BCCAGSC	ftp.sra.ebi.ac.uk/vol1/fastq/SRR397/SRR397044/SRR397044_1.fastq.gz;ftp.sra.ebi.ac.uk/vol1/fastq/SRR397/SRR397044/SRR397044_2.fastq.gz	
SRR397046	SAMN00771093	A02700	Colorectal tumour - Subject 0005-035	Illumina HiSeq 2000 sequencing: RNA-Seq analysis of A02700	PAIRED	PRJNA274775	Derivation of HLA types from shotgun sequence datasets	BCCAGSC	ftp.sra.ebi.ac.uk/vol1/fastq/SRR397/SRR397046/SRR397046_1.fastq.gz;ftp.sra.ebi.ac.uk/vol1/fastq/SRR397/SRR397046/SRR397046_2.fastq.gz	
SRR397048	SAMN00771095	A02702	Colorectal tumour - Subject 0005-037	Illumina HiSeq 2000 sequencing: RNA-Seq analysis of A02702	PAIRED	PRJNA274775	Derivation of HLA types from shotgun sequence datasets	BCCAGSC	ftp.sra.ebi.ac.uk/vol1/fastq/SRR397/SRR397048/SRR397048_1.fastq.gz;ftp.sra.ebi.ac.uk/vol1/fastq/SRR397/SRR397048/SRR397048_2.fastq.gz	
SRR397049	SAMN00771096	A02703	Colorectal tumour - Subject 0005-040	Illumina HiSeq 2000 sequencing: RNA-Seq analysis of A02703	PAIRED	PRJNA274775	Derivation of HLA types from shotgun sequence datasets	BCCAGSC	ftp.sra.ebi.ac.uk/vol1/fastq/SRR397/SRR397049/SRR397049_1.fastq.gz;ftp.sra.ebi.ac.uk/vol1/fastq/SRR397/SRR397049/SRR397049_2.fastq.gz	
SRR397051	SAMN00771098	A02705	Colorectal tumour - Subject 0005-043	Illumina HiSeq 2000 sequencing: RNA-Seq analysis of A02705	PAIRED	PRJNA274775	Derivation of HLA types from shotgun sequence datasets	BCCAGSC	ftp.sra.ebi.ac.uk/vol1/fastq/SRR397/SRR397051/SRR397051_1.fastq.gz;ftp.sra.ebi.ac.uk/vol1/fastq/SRR397/SRR397051/SRR397051_2.fastq.gz	
SRR397055	SAMN00771102	A02709	Colorectal tumour - Subject 0005-050	Illumina HiSeq 2000 sequencing: RNA-Seq analysis of A02709	PAIRED	PRJNA274775	Derivation of HLA types from shotgun sequence datasets	BCCAGSC	ftp.sra.ebi.ac.uk/vol1/fastq/SRR397/SRR397055/SRR397055_1.fastq.gz;ftp.sra.ebi.ac.uk/vol1/fastq/SRR397/SRR397055/SRR397055_2.fastq.gz	
SRR397056	SAMN00771103	A02710	Colorectal tumour - Subject 0005-052	Illumina HiSeq 2000 sequencing: RNA-Seq analysis of A02710	PAIRED	PRJNA274775	Derivation of HLA types from shotgun sequence datasets	BCCAGSC	ftp.sra.ebi.ac.uk/vol1/fastq/SRR397/SRR397056/SRR397056_1.fastq.gz;ftp.sra.ebi.ac.uk/vol1/fastq/SRR397/SRR397056/SRR397056_2.fastq.gz	
SRR397059	SAMN00771106	A02713	Colorectal tumour - Subject 0005-056	Illumina HiSeq 2000 sequencing: RNA-Seq analysis of A02713	PAIRED	PRJNA274775	Derivation of HLA types from shotgun sequence datasets	BCCAGSC	ftp.sra.ebi.ac.uk/vol1/fastq/SRR397/SRR397059/SRR397059_1.fastq.gz;ftp.sra.ebi.ac.uk/vol1/fastq/SRR397/SRR397059/SRR397059_2.fastq.gz	
SRR397060	SAMN00771107	A02714	Colorectal tumour - Subject 0005-057	Illumina HiSeq 2000 sequencing: RNA-Seq analysis of A02714	PAIRED	PRJNA274775	Derivation of HLA types from shotgun sequence datasets	BCCAGSC	ftp.sra.ebi.ac.uk/vol1/fastq/SRR397/SRR397060/SRR397060_1.fastq.gz;ftp.sra.ebi.ac.uk/vol1/fastq/SRR397/SRR397060/SRR397060_2.fastq.gz	
SRR397064	SAMN00771111	A02718	Colorectal tumour - Subject 0005-062	Illumina HiSeq 2000 sequencing: RNA-Seq analysis of A02718	PAIRED	PRJNA274775	Derivation of HLA types from shotgun sequence datasets	BCCAGSC	ftp.sra.ebi.ac.uk/vol1/fastq/SRR397/SRR397064/SRR397064_1.fastq.gz;ftp.sra.ebi.ac.uk/vol1/fastq/SRR397/SRR397064/SRR397064_2.fastq.gz	
SRR397065	SAMN00771112	A02719	Colorectal tumour - Subject 0005-063	Illumina HiSeq 2000 sequencing: RNA-Seq analysis of A02719	PAIRED	PRJNA274775	Derivation of HLA types from shotgun sequence datasets	BCCAGSC	ftp.sra.ebi.ac.uk/vol1/fastq/SRR397/SRR397065/SRR397065_1.fastq.gz;ftp.sra.ebi.ac.uk/vol1/fastq/SRR397/SRR397065/SRR397065_2.fastq.gz	
SRR397068	SAMN00771115	A02722	Normal colon epithelium - Subject 0005-013	Illumina HiSeq 2000 sequencing: RNA-Seq analysis of A02722	PAIRED	PRJNA274775	Derivation of HLA types from shotgun sequence datasets	BCCAGSC	ftp.sra.ebi.ac.uk/vol1/fastq/SRR397/SRR397068/SRR397068_1.fastq.gz;ftp.sra.ebi.ac.uk/vol1/fastq/SRR397/SRR397068/SRR397068_2.fastq.gz	
SRR397072	SAMN00771119	A02726	Normal colon epithelium - Subject 0005-020	Illumina HiSeq 2000 sequencing: RNA-Seq analysis of A02726	PAIRED	PRJNA274775	Derivation of HLA types from shotgun sequence datasets	BCCAGSC	ftp.sra.ebi.ac.uk/vol1/fastq/SRR397/SRR397072/SRR397072_1.fastq.gz;ftp.sra.ebi.ac.uk/vol1/fastq/SRR397/SRR397072/SRR397072_2.fastq.gz	
SRR397088	SAMN00771135	A02742	Normal colon epithelium - Subject 0005-044	Illumina HiSeq 2000 sequencing: RNA-Seq analysis of A02742	PAIRED	PRJNA274775	Derivation of HLA types from shotgun sequence datasets	BCCAGSC	ftp.sra.ebi.ac.uk/vol1/fastq/SRR397/SRR397088/SRR397088_1.fastq.gz;ftp.sra.ebi.ac.uk/vol1/fastq/SRR397/SRR397088/SRR397088_2.fastq.gz	
SRR397090	SAMN00771137	A02744	Normal colon epithelium - Subject 0005-049	Illumina HiSeq 2000 sequencing: RNA-Seq analysis of A02744	PAIRED	PRJNA274775	Derivation of HLA types from shotgun sequence datasets	BCCAGSC	ftp.sra.ebi.ac.uk/vol1/fastq/SRR397/SRR397090/SRR397090_1.fastq.gz;ftp.sra.ebi.ac.uk/vol1/fastq/SRR397/SRR397090/SRR397090_2.fastq.gz	
SRR397093	SAMN00771140	A02747	Normal colon epithelium - Subject 0005-053	Illumina HiSeq 2000 sequencing: RNA-Seq analysis of A02747	PAIRED	PRJNA274775	Derivation of HLA types from shotgun sequence datasets	BCCAGSC	ftp.sra.ebi.ac.uk/vol1/fastq/SRR397/SRR397093/SRR397093_1.fastq.gz;ftp.sra.ebi.ac.uk/vol1/fastq/SRR397/SRR397093/SRR397093_2.fastq.gz	
SRR397097	SAMN00771144	A02751	Normal colon epithelium - Subject 0005-058	Illumina HiSeq 2000 sequencing: RNA-Seq analysis of A02751	PAIRED	PRJNA274775	Derivation of HLA types from shotgun sequence datasets	BCCAGSC	ftp.sra.ebi.ac.uk/vol1/fastq/SRR397/SRR397097/SRR397097_1.fastq.gz;ftp.sra.ebi.ac.uk/vol1/fastq/SRR397/SRR397097/SRR397097_2.fastq.gz	
SRR397098	SAMN00771145	A02752	Normal colon epithelium - Subject 0005-059	Illumina HiSeq 2000 sequencing: RNA-Seq analysis of A02752	PAIRED	PRJNA274775	Derivation of HLA types from shotgun sequence datasets	BCCAGSC	ftp.sra.ebi.ac.uk/vol1/fastq/SRR397/SRR397098/SRR397098_1.fastq.gz;ftp.sra.ebi.ac.uk/vol1/fastq/SRR397/SRR397098/SRR397098_2.fastq.gz	
SRR397099	SAMN00771146	A02753	Normal colon epithelium - Subject 0005-060	Illumina HiSeq 2000 sequencing: RNA-Seq analysis of A02753	PAIRED	PRJNA274775	Derivation of HLA types from shotgun sequence datasets	BCCAGSC	ftp.sra.ebi.ac.uk/vol1/fastq/SRR397/SRR397099/SRR397099_1.fastq.gz;ftp.sra.ebi.ac.uk/vol1/fastq/SRR397/SRR397099/SRR397099_2.fastq.gz	
SRR397100	SAMN00771147	A02754	Normal colon epithelium - Subject 0005-062	Illumina HiSeq 2000 sequencing: RNA-Seq analysis of A02754	PAIRED	PRJNA274775	Derivation of HLA types from shotgun sequence datasets	BCCAGSC	ftp.sra.ebi.ac.uk/vol1/fastq/SRR397/SRR397100/SRR397100_1.fastq.gz;ftp.sra.ebi.ac.uk/vol1/fastq/SRR397/SRR397100/SRR397100_2.fastq.gz	
SRR397104	SAMN00771079	A02686	Colorectal tumour - Subject 0005-013	Illumina HiSeq 2000 sequencing: RNA-Seq analysis of A02686	PAIRED	PRJNA274775	Derivation of HLA types from shotgun sequence datasets	BCCAGSC	ftp.sra.ebi.ac.uk/vol1/fastq/SRR397/SRR397104/SRR397104_1.fastq.gz;ftp.sra.ebi.ac.uk/vol1/fastq/SRR397/SRR397104/SRR397104_2.fastq.gz	
SRR397106	SAMN00771081	A02688	Colorectal tumour - Subject 0005-017	Illumina HiSeq 2000 sequencing: RNA-Seq analysis of A02688	PAIRED	PRJNA274775	Derivation of HLA types from shotgun sequence datasets	BCCAGSC	ftp.sra.ebi.ac.uk/vol1/fastq/SRR397/SRR397106/SRR397106_1.fastq.gz;ftp.sra.ebi.ac.uk/vol1/fastq/SRR397/SRR397106/SRR397106_2.fastq.gz	
SRR397107	SAMN00771082	A02689	Colorectal tumour - Subject 0005-019	Illumina HiSeq 2000 sequencing: RNA-Seq analysis of A02689	PAIRED	PRJNA274775	Derivation of HLA types from shotgun sequence datasets	BCCAGSC	ftp.sra.ebi.ac.uk/vol1/fastq/SRR397/SRR397107/SRR397107_1.fastq.gz;ftp.sra.ebi.ac.uk/vol1/fastq/SRR397/SRR397107/SRR397107_2.fastq.gz	
SRR397108	SAMN00771083	A02690	Colorectal tumour - Subject 0005-020	Illumina HiSeq 2000 sequencing: RNA-Seq analysis of A02690	PAIRED	PRJNA274775	Derivation of HLA types from shotgun sequence datasets	BCCAGSC	ftp.sra.ebi.ac.uk/vol1/fastq/SRR397/SRR397108/SRR397108_1.fastq.gz;ftp.sra.ebi.ac.uk/vol1/fastq/SRR397/SRR397108/SRR397108_2.fastq.gz	
SRR397110	SAMN00771085	A02692	Colorectal tumour - Subject 0005-022	Illumina HiSeq 2000 sequencing: RNA-Seq analysis of A02692	PAIRED	PRJNA274775	Derivation of HLA types from shotgun sequence datasets	BCCAGSC	ftp.sra.ebi.ac.uk/vol1/fastq/SRR397/SRR397110/SRR397110_1.fastq.gz;ftp.sra.ebi.ac.uk/vol1/fastq/SRR397/SRR397110/SRR397110_2.fastq.gz	
SRR397112	SAMN00771087	A02694	Colorectal tumour - Subject 0005-028	Illumina HiSeq 2000 sequencing: RNA-Seq analysis of A02694	PAIRED	PRJNA274775	Derivation of HLA types from shotgun sequence datasets	BCCAGSC	ftp.sra.ebi.ac.uk/vol1/fastq/SRR397/SRR397112/SRR397112_1.fastq.gz;ftp.sra.ebi.ac.uk/vol1/fastq/SRR397/SRR397112/SRR397112_2.fastq.gz	
SRR397114	SAMN00771089	A02696	Colorectal tumour - Subject 0005-031	Illumina HiSeq 2000 sequencing: RNA-Seq analysis of A02696	PAIRED	PRJNA274775	Derivation of HLA types from shotgun sequence datasets	BCCAGSC	ftp.sra.ebi.ac.uk/vol1/fastq/SRR397/SRR397114/SRR397114_1.fastq.gz;ftp.sra.ebi.ac.uk/vol1/fastq/SRR397/SRR397114/SRR397114_2.fastq.gz	
SRR397116	SAMN00771091	A02698	Colorectal tumour - Subject 0005-033	Illumina HiSeq 2000 sequencing: RNA-Seq analysis of A02698	PAIRED	PRJNA274775	Derivation of HLA types from shotgun sequence datasets	BCCAGSC	ftp.sra.ebi.ac.uk/vol1/fastq/SRR397/SRR397116/SRR397116_1.fastq.gz;ftp.sra.ebi.ac.uk/vol1/fastq/SRR397/SRR397116/SRR397116_2.fastq.gz	
SRR397118	SAMN00771093	A02700	Colorectal tumour - Subject 0005-035	Illumina HiSeq 2000 sequencing: RNA-Seq analysis of A02700	PAIRED	PRJNA274775	Derivation of HLA types from shotgun sequence datasets	BCCAGSC	ftp.sra.ebi.ac.uk/vol1/fastq/SRR397/SRR397118/SRR397118_1.fastq.gz;ftp.sra.ebi.ac.uk/vol1/fastq/SRR397/SRR397118/SRR397118_2.fastq.gz	
SRR397121	SAMN00771096	A02703	Colorectal tumour - Subject 0005-040	Illumina HiSeq 2000 sequencing: RNA-Seq analysis of A02703	PAIRED	PRJNA274775	Derivation of HLA types from shotgun sequence datasets	BCCAGSC	ftp.sra.ebi.ac.uk/vol1/fastq/SRR397/SRR397121/SRR397121_1.fastq.gz;ftp.sra.ebi.ac.uk/vol1/fastq/SRR397/SRR397121/SRR397121_2.fastq.gz	
SRR397123	SAMN00771098	A02705	Colorectal tumour - Subject 0005-043	Illumina HiSeq 2000 sequencing: RNA-Seq analysis of A02705	PAIRED	PRJNA274775	Derivation of HLA types from shotgun sequence datasets	BCCAGSC	ftp.sra.ebi.ac.uk/vol1/fastq/SRR397/SRR397123/SRR397123_1.fastq.gz;ftp.sra.ebi.ac.uk/vol1/fastq/SRR397/SRR397123/SRR397123_2.fastq.gz	
SRR397131	SAMN00771106	A02713	Colorectal tumour - Subject 0005-056	Illumina HiSeq 2000 sequencing: RNA-Seq analysis of A02713	PAIRED	PRJNA274775	Derivation of HLA types from shotgun sequence datasets	BCCAGSC	ftp.sra.ebi.ac.uk/vol1/fastq/SRR397/SRR397131/SRR397131_1.fastq.gz;ftp.sra.ebi.ac.uk/vol1/fastq/SRR397/SRR397131/SRR397131_2.fastq.gz	
SRR397133	SAMN00771108	A02715	Colorectal tumour - Subject 0005-058	Illumina HiSeq 2000 sequencing: RNA-Seq analysis of A02715	PAIRED	PRJNA274775	Derivation of HLA types from shotgun sequence datasets	BCCAGSC	ftp.sra.ebi.ac.uk/vol1/fastq/SRR397/SRR397133/SRR397133_1.fastq.gz;ftp.sra.ebi.ac.uk/vol1/fastq/SRR397/SRR397133/SRR397133_2.fastq.gz	
SRR397136	SAMN00771111	A02718	Colorectal tumour - Subject 0005-062	Illumina HiSeq 2000 sequencing: RNA-Seq analysis of A02718	PAIRED	PRJNA274775	Derivation of HLA types from shotgun sequence datasets	BCCAGSC	ftp.sra.ebi.ac.uk/vol1/fastq/SRR397/SRR397136/SRR397136_1.fastq.gz;ftp.sra.ebi.ac.uk/vol1/fastq/SRR397/SRR397136/SRR397136_2.fastq.gz	
SRR397140	SAMN00771115	A02722	Normal colon epithelium - Subject 0005-013	Illumina HiSeq 2000 sequencing: RNA-Seq analysis of A02722	PAIRED	PRJNA274775	Derivation of HLA types from shotgun sequence datasets	BCCAGSC	ftp.sra.ebi.ac.uk/vol1/fastq/SRR397/SRR397140/SRR397140_1.fastq.gz;ftp.sra.ebi.ac.uk/vol1/fastq/SRR397/SRR397140/SRR397140_2.fastq.gz	
SRR397151	SAMN00771126	A02733	Normal colon epithelium - Subject 0005-032	Illumina HiSeq 2000 sequencing: RNA-Seq analysis of A02733	PAIRED	PRJNA274775	Derivation of HLA types from shotgun sequence datasets	BCCAGSC	ftp.sra.ebi.ac.uk/vol1/fastq/SRR397/SRR397151/SRR397151_1.fastq.gz;ftp.sra.ebi.ac.uk/vol1/fastq/SRR397/SRR397151/SRR397151_2.fastq.gz	
SRR397155	SAMN00771130	A02737	Normal colon epithelium - Subject 0005-036	Illumina HiSeq 2000 sequencing: RNA-Seq analysis of A02737	PAIRED	PRJNA274775	Derivation of HLA types from shotgun sequence datasets	BCCAGSC	ftp.sra.ebi.ac.uk/vol1/fastq/SRR397/SRR397155/SRR397155_1.fastq.gz;ftp.sra.ebi.ac.uk/vol1/fastq/SRR397/SRR397155/SRR397155_2.fastq.gz	
SRR397157	SAMN00771132	A02739	Normal colon epithelium - Subject 0005-040	Illumina HiSeq 2000 sequencing: RNA-Seq analysis of A02739	PAIRED	PRJNA274775	Derivation of HLA types from shotgun sequence datasets	BCCAGSC	ftp.sra.ebi.ac.uk/vol1/fastq/SRR397/SRR397157/SRR397157_1.fastq.gz;ftp.sra.ebi.ac.uk/vol1/fastq/SRR397/SRR397157/SRR397157_2.fastq.gz	
SRR397158	SAMN00771133	A02740	Normal colon epithelium - Subject 0005-042	Illumina HiSeq 2000 sequencing: RNA-Seq analysis of A02740	PAIRED	PRJNA274775	Derivation of HLA types from shotgun sequence datasets	BCCAGSC	ftp.sra.ebi.ac.uk/vol1/fastq/SRR397/SRR397158/SRR397158_1.fastq.gz;ftp.sra.ebi.ac.uk/vol1/fastq/SRR397/SRR397158/SRR397158_2.fastq.gz	
SRR397159	SAMN00771134	A02741	Normal colon epithelium - Subject 0005-043	Illumina HiSeq 2000 sequencing: RNA-Seq analysis of A02741	PAIRED	PRJNA274775	Derivation of HLA types from shotgun sequence datasets	BCCAGSC	ftp.sra.ebi.ac.uk/vol1/fastq/SRR397/SRR397159/SRR397159_1.fastq.gz;ftp.sra.ebi.ac.uk/vol1/fastq/SRR397/SRR397159/SRR397159_2.fastq.gz	
SRR397164	SAMN00771139	A02746	Normal colon epithelium - Subject 0005-052	Illumina HiSeq 2000 sequencing: RNA-Seq analysis of A02746	PAIRED	PRJNA274775	Derivation of HLA types from shotgun sequence datasets	BCCAGSC	ftp.sra.ebi.ac.uk/vol1/fastq/SRR397/SRR397164/SRR397164_1.fastq.gz;ftp.sra.ebi.ac.uk/vol1/fastq/SRR397/SRR397164/SRR397164_2.fastq.gz	
SRR397168	SAMN00771143	A02750	Normal colon epithelium - Subject 0005-057	Illumina HiSeq 2000 sequencing: RNA-Seq analysis of A02750	PAIRED	PRJNA274775	Derivation of HLA types from shotgun sequence datasets	BCCAGSC	ftp.sra.ebi.ac.uk/vol1/fastq/SRR397/SRR397168/SRR397168_1.fastq.gz;ftp.sra.ebi.ac.uk/vol1/fastq/SRR397/SRR397168/SRR397168_2.fastq.gz	
SRR397169	SAMN00771144	A02751	Normal colon epithelium - Subject 0005-058	Illumina HiSeq 2000 sequencing: RNA-Seq analysis of A02751	PAIRED	PRJNA274775	Derivation of HLA types from shotgun sequence datasets	BCCAGSC	ftp.sra.ebi.ac.uk/vol1/fastq/SRR397/SRR397169/SRR397169_1.fastq.gz;ftp.sra.ebi.ac.uk/vol1/fastq/SRR397/SRR397169/SRR397169_2.fastq.gz	
SRR397174	SAMN00771149	A02756	Normal colon epithelium - Subject 0005-064	Illumina HiSeq 2000 sequencing: RNA-Seq analysis of A02756	PAIRED	PRJNA274775	Derivation of HLA types from shotgun sequence datasets	BCCAGSC	ftp.sra.ebi.ac.uk/vol1/fastq/SRR397/SRR397174/SRR397174_1.fastq.gz;ftp.sra.ebi.ac.uk/vol1/fastq/SRR397/SRR397174/SRR397174_2.fastq.gz	
SRR397177	SAMN00771152	A04409	Colorectal tumour - Subject 0005-067	Illumina HiSeq 2000 sequencing: RNA-Seq analysis of A04409	PAIRED	PRJNA274775	Derivation of HLA types from shotgun sequence datasets	BCCAGSC	ftp.sra.ebi.ac.uk/vol1/fastq/SRR397/SRR397177/SRR397177_1.fastq.gz;ftp.sra.ebi.ac.uk/vol1/fastq/SRR397/SRR397177/SRR397177_2.fastq.gz	
SRR397183	SAMN00771158	A04415	Colorectal tumour - Subject 0005-074	Illumina HiSeq 2000 sequencing: RNA-Seq analysis of A04415	PAIRED	PRJNA274775	Derivation of HLA types from shotgun sequence datasets	BCCAGSC	ftp.sra.ebi.ac.uk/vol1/fastq/SRR397/SRR397183/SRR397183_1.fastq.gz;ftp.sra.ebi.ac.uk/vol1/fastq/SRR397/SRR397183/SRR397183_2.fastq.gz	
SRR397187	SAMN00771162	A04420	Colorectal tumour - Subject 0005-081	Illumina HiSeq 2000 sequencing: RNA-Seq analysis of A04420	PAIRED	PRJNA274775	Derivation of HLA types from shotgun sequence datasets	BCCAGSC	ftp.sra.ebi.ac.uk/vol1/fastq/SRR397/SRR397187/SRR397187_1.fastq.gz;ftp.sra.ebi.ac.uk/vol1/fastq/SRR397/SRR397187/SRR397187_2.fastq.gz	
SRR397189	SAMN00771164	A04422	Colorectal tumour - Subject 0005-085	Illumina HiSeq 2000 sequencing: RNA-Seq analysis of A04422	PAIRED	PRJNA274775	Derivation of HLA types from shotgun sequence datasets	BCCAGSC	ftp.sra.ebi.ac.uk/vol1/fastq/SRR397/SRR397189/SRR397189_1.fastq.gz;ftp.sra.ebi.ac.uk/vol1/fastq/SRR397/SRR397189/SRR397189_2.fastq.gz	
SRR397192	SAMN00771167	A04425	Colorectal tumour - Subject 0005-088	Illumina HiSeq 2000 sequencing: RNA-Seq analysis of A04425	PAIRED	PRJNA274775	Derivation of HLA types from shotgun sequence datasets	BCCAGSC	ftp.sra.ebi.ac.uk/vol1/fastq/SRR397/SRR397192/SRR397192_1.fastq.gz;ftp.sra.ebi.ac.uk/vol1/fastq/SRR397/SRR397192/SRR397192_2.fastq.gz	
SRR397193	SAMN00771168	A04426	Colorectal tumour - Subject 0005-089	Illumina HiSeq 2000 sequencing: RNA-Seq analysis of A04426	PAIRED	PRJNA274775	Derivation of HLA types from shotgun sequence datasets	BCCAGSC	ftp.sra.ebi.ac.uk/vol1/fastq/SRR397/SRR397193/SRR397193_1.fastq.gz;ftp.sra.ebi.ac.uk/vol1/fastq/SRR397/SRR397193/SRR397193_2.fastq.gz	
SRR397197	SAMN00771172	A04430	Colorectal tumour - Subject 0005-093	Illumina HiSeq 2000 sequencing: RNA-Seq analysis of A04430	PAIRED	PRJNA274775	Derivation of HLA types from shotgun sequence datasets	BCCAGSC	ftp.sra.ebi.ac.uk/vol1/fastq/SRR397/SRR397197/SRR397197_1.fastq.gz;ftp.sra.ebi.ac.uk/vol1/fastq/SRR397/SRR397197/SRR397197_2.fastq.gz	
SRR397198	SAMN00771173	A04431	Colorectal tumour - Subject 0005-094	Illumina HiSeq 2000 sequencing: RNA-Seq analysis of A04431	PAIRED	PRJNA274775	Derivation of HLA types from shotgun sequence datasets	BCCAGSC	ftp.sra.ebi.ac.uk/vol1/fastq/SRR397/SRR397198/SRR397198_1.fastq.gz;ftp.sra.ebi.ac.uk/vol1/fastq/SRR397/SRR397198/SRR397198_2.fastq.gz	
SRR397206	SAMN00771181	A04439	Normal colon epithelium - Subject 0005-066	Illumina HiSeq 2000 sequencing: RNA-Seq analysis of A04439	PAIRED	PRJNA274775	Derivation of HLA types from shotgun sequence datasets	BCCAGSC	ftp.sra.ebi.ac.uk/vol1/fastq/SRR397/SRR397206/SRR397206_1.fastq.gz;ftp.sra.ebi.ac.uk/vol1/fastq/SRR397/SRR397206/SRR397206_2.fastq.gz	
SRR397207	SAMN00771182	A04440	Normal colon epithelium - Subject 0005-067	Illumina HiSeq 2000 sequencing: RNA-Seq analysis of A04440	PAIRED	PRJNA274775	Derivation of HLA types from shotgun sequence datasets	BCCAGSC	ftp.sra.ebi.ac.uk/vol1/fastq/SRR397/SRR397207/SRR397207_1.fastq.gz;ftp.sra.ebi.ac.uk/vol1/fastq/SRR397/SRR397207/SRR397207_2.fastq.gz	
SRR397215	SAMN00771190	A04448	Normal colon epithelium - Subject 0005-076	Illumina HiSeq 2000 sequencing: RNA-Seq analysis of A04448	PAIRED	PRJNA274775	Derivation of HLA types from shotgun sequence datasets	BCCAGSC	ftp.sra.ebi.ac.uk/vol1/fastq/SRR397/SRR397215/SRR397215_1.fastq.gz;ftp.sra.ebi.ac.uk/vol1/fastq/SRR397/SRR397215/SRR397215_2.fastq.gz	
SRR397217	SAMN00771192	A04451	Normal colon epithelium - Subject 0005-081	Illumina HiSeq 2000 sequencing: RNA-Seq analysis of A04451	PAIRED	PRJNA274775	Derivation of HLA types from shotgun sequence datasets	BCCAGSC	ftp.sra.ebi.ac.uk/vol1/fastq/SRR397/SRR397217/SRR397217_1.fastq.gz;ftp.sra.ebi.ac.uk/vol1/fastq/SRR397/SRR397217/SRR397217_2.fastq.gz	
SRR397220	SAMN00771195	A04454	Normal colon epithelium - Subject 0005-086	Illumina HiSeq 2000 sequencing: RNA-Seq analysis of A04454	PAIRED	PRJNA274775	Derivation of HLA types from shotgun sequence datasets	BCCAGSC	ftp.sra.ebi.ac.uk/vol1/fastq/SRR397/SRR397220/SRR397220_1.fastq.gz;ftp.sra.ebi.ac.uk/vol1/fastq/SRR397/SRR397220/SRR397220_2.fastq.gz	
SRR397227	SAMN00771202	A04461	Normal colon epithelium - Subject 0005-093	Illumina HiSeq 2000 sequencing: RNA-Seq analysis of A04461	PAIRED	PRJNA274775	Derivation of HLA types from shotgun sequence datasets	BCCAGSC	ftp.sra.ebi.ac.uk/vol1/fastq/SRR397/SRR397227/SRR397227_1.fastq.gz;ftp.sra.ebi.ac.uk/vol1/fastq/SRR397/SRR397227/SRR397227_2.fastq.gz	
SRR397228	SAMN00771203	A04462	Normal colon epithelium - Subject 0005-094	Illumina HiSeq 2000 sequencing: RNA-Seq analysis of A04462	PAIRED	PRJNA274775	Derivation of HLA types from shotgun sequence datasets	BCCAGSC	ftp.sra.ebi.ac.uk/vol1/fastq/SRR397/SRR397228/SRR397228_1.fastq.gz;ftp.sra.ebi.ac.uk/vol1/fastq/SRR397/SRR397228/SRR397228_2.fastq.gz	
SRR397229	SAMN00771204	A04463	Normal colon epithelium - Subject 0005-095	Illumina HiSeq 2000 sequencing: RNA-Seq analysis of A04463	PAIRED	PRJNA274775	Derivation of HLA types from shotgun sequence datasets	BCCAGSC	ftp.sra.ebi.ac.uk/vol1/fastq/SRR397/SRR397229/SRR397229_1.fastq.gz;ftp.sra.ebi.ac.uk/vol1/fastq/SRR397/SRR397229/SRR397229_2.fastq.gz	
SRR397230	SAMN00771205	A04464	Normal colon epithelium - Subject 0005-096	Illumina HiSeq 2000 sequencing: RNA-Seq analysis of A04464	PAIRED	PRJNA274775	Derivation of HLA types from shotgun sequence datasets	BCCAGSC	ftp.sra.ebi.ac.uk/vol1/fastq/SRR397/SRR397230/SRR397230_1.fastq.gz;ftp.sra.ebi.ac.uk/vol1/fastq/SRR397/SRR397230/SRR397230_2.fastq.gz	
SRR397231	SAMN00771206	A04465	Normal colon epithelium - Subject 0005-097	Illumina HiSeq 2000 sequencing: RNA-Seq analysis of A04465	PAIRED	PRJNA274775	Derivation of HLA types from shotgun sequence datasets	BCCAGSC	ftp.sra.ebi.ac.uk/vol1/fastq/SRR397/SRR397231/SRR397231_1.fastq.gz;ftp.sra.ebi.ac.uk/vol1/fastq/SRR397/SRR397231/SRR397231_2.fastq.gz	
SRR397233	SAMN00771208	A04467	Normal colon epithelium - Subject 0005-099	Illumina HiSeq 2000 sequencing: RNA-Seq analysis of A04467	PAIRED	PRJNA274775	Derivation of HLA types from shotgun sequence datasets	BCCAGSC	ftp.sra.ebi.ac.uk/vol1/fastq/SRR397/SRR397233/SRR397233_1.fastq.gz;ftp.sra.ebi.ac.uk/vol1/fastq/SRR397/SRR397233/SRR397233_2.fastq.gz	
SRR397238	SAMN00771153	A04410	Colorectal tumour - Subject 0005-068	Illumina HiSeq 2000 sequencing: RNA-Seq analysis of A04410	PAIRED	PRJNA274775	Derivation of HLA types from shotgun sequence datasets	BCCAGSC	ftp.sra.ebi.ac.uk/vol1/fastq/SRR397/SRR397238/SRR397238_1.fastq.gz;ftp.sra.ebi.ac.uk/vol1/fastq/SRR397/SRR397238/SRR397238_2.fastq.gz	
SRR397241	SAMN00771156	A04413	Colorectal tumour - Subject 0005-071	Illumina HiSeq 2000 sequencing: RNA-Seq analysis of A04413	PAIRED	PRJNA274775	Derivation of HLA types from shotgun sequence datasets	BCCAGSC	ftp.sra.ebi.ac.uk/vol1/fastq/SRR397/SRR397241/SRR397241_1.fastq.gz;ftp.sra.ebi.ac.uk/vol1/fastq/SRR397/SRR397241/SRR397241_2.fastq.gz	
SRR397248	SAMN00771163	A04421	Colorectal tumour - Subject 0005-083	Illumina HiSeq 2000 sequencing: RNA-Seq analysis of A04421	PAIRED	PRJNA274775	Derivation of HLA types from shotgun sequence datasets	BCCAGSC	ftp.sra.ebi.ac.uk/vol1/fastq/SRR397/SRR397248/SRR397248_1.fastq.gz;ftp.sra.ebi.ac.uk/vol1/fastq/SRR397/SRR397248/SRR397248_2.fastq.gz	
SRR397250	SAMN00771165	A04423	Colorectal tumour - Subject 0005-086	Illumina HiSeq 2000 sequencing: RNA-Seq analysis of A04423	PAIRED	PRJNA274775	Derivation of HLA types from shotgun sequence datasets	BCCAGSC	ftp.sra.ebi.ac.uk/vol1/fastq/SRR397/SRR397250/SRR397250_1.fastq.gz;ftp.sra.ebi.ac.uk/vol1/fastq/SRR397/SRR397250/SRR397250_2.fastq.gz	
SRR397251	SAMN00771166	A04424	Colorectal tumour - Subject 0005-087	Illumina HiSeq 2000 sequencing: RNA-Seq analysis of A04424	PAIRED	PRJNA274775	Derivation of HLA types from shotgun sequence datasets	BCCAGSC	ftp.sra.ebi.ac.uk/vol1/fastq/SRR397/SRR397251/SRR397251_1.fastq.gz;ftp.sra.ebi.ac.uk/vol1/fastq/SRR397/SRR397251/SRR397251_2.fastq.gz	
SRR397255	SAMN00771170	A04428	Colorectal tumour - Subject 0005-091	Illumina HiSeq 2000 sequencing: RNA-Seq analysis of A04428	PAIRED	PRJNA274775	Derivation of HLA types from shotgun sequence datasets	BCCAGSC	ftp.sra.ebi.ac.uk/vol1/fastq/SRR397/SRR397255/SRR397255_1.fastq.gz;ftp.sra.ebi.ac.uk/vol1/fastq/SRR397/SRR397255/SRR397255_2.fastq.gz	
SRR397256	SAMN00771171	A04429	Colorectal tumour - Subject 0005-092	Illumina HiSeq 2000 sequencing: RNA-Seq analysis of A04429	PAIRED	PRJNA274775	Derivation of HLA types from shotgun sequence datasets	BCCAGSC	ftp.sra.ebi.ac.uk/vol1/fastq/SRR397/SRR397256/SRR397256_1.fastq.gz;ftp.sra.ebi.ac.uk/vol1/fastq/SRR397/SRR397256/SRR397256_2.fastq.gz	
SRR397262	SAMN00771177	A04435	Colorectal tumour - Subject 0005-098	Illumina HiSeq 2000 sequencing: RNA-Seq analysis of A04435	PAIRED	PRJNA274775	Derivation of HLA types from shotgun sequence datasets	BCCAGSC	ftp.sra.ebi.ac.uk/vol1/fastq/SRR397/SRR397262/SRR397262_1.fastq.gz;ftp.sra.ebi.ac.uk/vol1/fastq/SRR397/SRR397262/SRR397262_2.fastq.gz	
SRR397267	SAMN00771182	A04440	Normal colon epithelium - Subject 0005-067	Illumina HiSeq 2000 sequencing: RNA-Seq analysis of A04440	PAIRED	PRJNA274775	Derivation of HLA types from shotgun sequence datasets	BCCAGSC	ftp.sra.ebi.ac.uk/vol1/fastq/SRR397/SRR397267/SRR397267_1.fastq.gz;ftp.sra.ebi.ac.uk/vol1/fastq/SRR397/SRR397267/SRR397267_2.fastq.gz	
SRR397269	SAMN00771184	A04442	Normal colon epithelium - Subject 0005-069	Illumina HiSeq 2000 sequencing: RNA-Seq analysis of A04442	PAIRED	PRJNA274775	Derivation of HLA types from shotgun sequence datasets	BCCAGSC	ftp.sra.ebi.ac.uk/vol1/fastq/SRR397/SRR397269/SRR397269_1.fastq.gz;ftp.sra.ebi.ac.uk/vol1/fastq/SRR397/SRR397269/SRR397269_2.fastq.gz	
SRR397274	SAMN00771189	A04447	Normal colon epithelium - Subject 0005-075	Illumina HiSeq 2000 sequencing: RNA-Seq analysis of A04447	PAIRED	PRJNA274775	Derivation of HLA types from shotgun sequence datasets	BCCAGSC	ftp.sra.ebi.ac.uk/vol1/fastq/SRR397/SRR397274/SRR397274_1.fastq.gz;ftp.sra.ebi.ac.uk/vol1/fastq/SRR397/SRR397274/SRR397274_2.fastq.gz	
SRR397275	SAMN00771190	A04448	Normal colon epithelium - Subject 0005-076	Illumina HiSeq 2000 sequencing: RNA-Seq analysis of A04448	PAIRED	PRJNA274775	Derivation of HLA types from shotgun sequence datasets	BCCAGSC	ftp.sra.ebi.ac.uk/vol1/fastq/SRR397/SRR397275/SRR397275_1.fastq.gz;ftp.sra.ebi.ac.uk/vol1/fastq/SRR397/SRR397275/SRR397275_2.fastq.gz	
SRR397278	SAMN00771193	A04452	Normal colon epithelium - Subject 0005-083	Illumina HiSeq 2000 sequencing: RNA-Seq analysis of A04452	PAIRED	PRJNA274775	Derivation of HLA types from shotgun sequence datasets	BCCAGSC	ftp.sra.ebi.ac.uk/vol1/fastq/SRR397/SRR397278/SRR397278_1.fastq.gz;ftp.sra.ebi.ac.uk/vol1/fastq/SRR397/SRR397278/SRR397278_2.fastq.gz	
SRR397279	SAMN00771194	A04453	Normal colon epithelium - Subject 0005-085	Illumina HiSeq 2000 sequencing: RNA-Seq analysis of A04453	PAIRED	PRJNA274775	Derivation of HLA types from shotgun sequence datasets	BCCAGSC	ftp.sra.ebi.ac.uk/vol1/fastq/SRR397/SRR397279/SRR397279_1.fastq.gz;ftp.sra.ebi.ac.uk/vol1/fastq/SRR397/SRR397279/SRR397279_2.fastq.gz	
SRR397282	SAMN00771197	A04456	Normal colon epithelium - Subject 0005-088	Illumina HiSeq 2000 sequencing: RNA-Seq analysis of A04456	PAIRED	PRJNA274775	Derivation of HLA types from shotgun sequence datasets	BCCAGSC	ftp.sra.ebi.ac.uk/vol1/fastq/SRR397/SRR397282/SRR397282_1.fastq.gz;ftp.sra.ebi.ac.uk/vol1/fastq/SRR397/SRR397282/SRR397282_2.fastq.gz	
SRR397287	SAMN00771202	A04461	Normal colon epithelium - Subject 0005-093	Illumina HiSeq 2000 sequencing: RNA-Seq analysis of A04461	PAIRED	PRJNA274775	Derivation of HLA types from shotgun sequence datasets	BCCAGSC	ftp.sra.ebi.ac.uk/vol1/fastq/SRR397/SRR397287/SRR397287_1.fastq.gz;ftp.sra.ebi.ac.uk/vol1/fastq/SRR397/SRR397287/SRR397287_2.fastq.gz	
SRR397289	SAMN00771204	A04463	Normal colon epithelium - Subject 0005-095	Illumina HiSeq 2000 sequencing: RNA-Seq analysis of A04463	PAIRED	PRJNA274775	Derivation of HLA types from shotgun sequence datasets	BCCAGSC	ftp.sra.ebi.ac.uk/vol1/fastq/SRR397/SRR397289/SRR397289_1.fastq.gz;ftp.sra.ebi.ac.uk/vol1/fastq/SRR397/SRR397289/SRR397289_2.fastq.gz	
SRR397291	SAMN00771206	A04465	Normal colon epithelium - Subject 0005-097	Illumina HiSeq 2000 sequencing: RNA-Seq analysis of A04465	PAIRED	PRJNA274775	Derivation of HLA types from shotgun sequence datasets	BCCAGSC	ftp.sra.ebi.ac.uk/vol1/fastq/SRR397/SRR397291/SRR397291_1.fastq.gz;ftp.sra.ebi.ac.uk/vol1/fastq/SRR397/SRR397291/SRR397291_2.fastq.gz	
SRR397293	SAMN00771208	A04467	Normal colon epithelium - Subject 0005-099	Illumina HiSeq 2000 sequencing: RNA-Seq analysis of A04467	PAIRED	PRJNA274775	Derivation of HLA types from shotgun sequence datasets	BCCAGSC	ftp.sra.ebi.ac.uk/vol1/fastq/SRR397/SRR397293/SRR397293_1.fastq.gz;ftp.sra.ebi.ac.uk/vol1/fastq/SRR397/SRR397293/SRR397293_2.fastq.gz	
SRR397294	SAMN00771209	A04468	Normal colon epithelium - Subject 0005-100	Illumina HiSeq 2000 sequencing: RNA-Seq analysis of A04468	PAIRED	PRJNA274775	Derivation of HLA types from shotgun sequence datasets	BCCAGSC	ftp.sra.ebi.ac.uk/vol1/fastq/SRR397/SRR397294/SRR397294_1.fastq.gz;ftp.sra.ebi.ac.uk/vol1/fastq/SRR397/SRR397294/SRR397294_2.fastq.gz	
SRR397300	SAMN00771155	A04412	Colorectal tumour - Subject 0005-070	Illumina HiSeq 2000 sequencing: RNA-Seq analysis of A04412	PAIRED	PRJNA274775	Derivation of HLA types from shotgun sequence datasets	BCCAGSC	ftp.sra.ebi.ac.uk/vol1/fastq/SRR397/SRR397300/SRR397300_1.fastq.gz;ftp.sra.ebi.ac.uk/vol1/fastq/SRR397/SRR397300/SRR397300_2.fastq.gz	
SRR397302	SAMN00771157	A04414	Colorectal tumour - Subject 0005-073	Illumina HiSeq 2000 sequencing: RNA-Seq analysis of A04414	PAIRED	PRJNA274775	Derivation of HLA types from shotgun sequence datasets	BCCAGSC	ftp.sra.ebi.ac.uk/vol1/fastq/SRR397/SRR397302/SRR397302_1.fastq.gz;ftp.sra.ebi.ac.uk/vol1/fastq/SRR397/SRR397302/SRR397302_2.fastq.gz	
SRR397303	SAMN00771158	A04415	Colorectal tumour - Subject 0005-074	Illumina HiSeq 2000 sequencing: RNA-Seq analysis of A04415	PAIRED	PRJNA274775	Derivation of HLA types from shotgun sequence datasets	BCCAGSC	ftp.sra.ebi.ac.uk/vol1/fastq/SRR397/SRR397303/SRR397303_1.fastq.gz;ftp.sra.ebi.ac.uk/vol1/fastq/SRR397/SRR397303/SRR397303_2.fastq.gz	
SRR397308	SAMN00771163	A04421	Colorectal tumour - Subject 0005-083	Illumina HiSeq 2000 sequencing: RNA-Seq analysis of A04421	PAIRED	PRJNA274775	Derivation of HLA types from shotgun sequence datasets	BCCAGSC	ftp.sra.ebi.ac.uk/vol1/fastq/SRR397/SRR397308/SRR397308_1.fastq.gz;ftp.sra.ebi.ac.uk/vol1/fastq/SRR397/SRR397308/SRR397308_2.fastq.gz	
SRR397309	SAMN00771164	A04422	Colorectal tumour - Subject 0005-085	Illumina HiSeq 2000 sequencing: RNA-Seq analysis of A04422	PAIRED	PRJNA274775	Derivation of HLA types from shotgun sequence datasets	BCCAGSC	ftp.sra.ebi.ac.uk/vol1/fastq/SRR397/SRR397309/SRR397309_1.fastq.gz;ftp.sra.ebi.ac.uk/vol1/fastq/SRR397/SRR397309/SRR397309_2.fastq.gz	
SRR397310	SAMN00771165	A04423	Colorectal tumour - Subject 0005-086	Illumina HiSeq 2000 sequencing: RNA-Seq analysis of A04423	PAIRED	PRJNA274775	Derivation of HLA types from shotgun sequence datasets	BCCAGSC	ftp.sra.ebi.ac.uk/vol1/fastq/SRR397/SRR397310/SRR397310_1.fastq.gz;ftp.sra.ebi.ac.uk/vol1/fastq/SRR397/SRR397310/SRR397310_2.fastq.gz	
SRR397312	SAMN00771167	A04425	Colorectal tumour - Subject 0005-088	Illumina HiSeq 2000 sequencing: RNA-Seq analysis of A04425	PAIRED	PRJNA274775	Derivation of HLA types from shotgun sequence datasets	BCCAGSC	ftp.sra.ebi.ac.uk/vol1/fastq/SRR397/SRR397312/SRR397312_1.fastq.gz;ftp.sra.ebi.ac.uk/vol1/fastq/SRR397/SRR397312/SRR397312_2.fastq.gz	
SRR397316	SAMN00771171	A04429	Colorectal tumour - Subject 0005-092	Illumina HiSeq 2000 sequencing: RNA-Seq analysis of A04429	PAIRED	PRJNA274775	Derivation of HLA types from shotgun sequence datasets	BCCAGSC	ftp.sra.ebi.ac.uk/vol1/fastq/SRR397/SRR397316/SRR397316_1.fastq.gz;ftp.sra.ebi.ac.uk/vol1/fastq/SRR397/SRR397316/SRR397316_2.fastq.gz	
SRR397317	SAMN00771172	A04430	Colorectal tumour - Subject 0005-093	Illumina HiSeq 2000 sequencing: RNA-Seq analysis of A04430	PAIRED	PRJNA274775	Derivation of HLA types from shotgun sequence datasets	BCCAGSC	ftp.sra.ebi.ac.uk/vol1/fastq/SRR397/SRR397317/SRR397317_1.fastq.gz;ftp.sra.ebi.ac.uk/vol1/fastq/SRR397/SRR397317/SRR397317_2.fastq.gz	
SRR397320	SAMN00771175	A04433	Colorectal tumour - Subject 0005-096	Illumina HiSeq 2000 sequencing: RNA-Seq analysis of A04433	PAIRED	PRJNA274775	Derivation of HLA types from shotgun sequence datasets	BCCAGSC	ftp.sra.ebi.ac.uk/vol1/fastq/SRR397/SRR397320/SRR397320_1.fastq.gz;ftp.sra.ebi.ac.uk/vol1/fastq/SRR397/SRR397320/SRR397320_2.fastq.gz	
SRR397324	SAMN00771179	A04437	Colorectal tumour - Subject 0005-100	Illumina HiSeq 2000 sequencing: RNA-Seq analysis of A04437	PAIRED	PRJNA274775	Derivation of HLA types from shotgun sequence datasets	BCCAGSC	ftp.sra.ebi.ac.uk/vol1/fastq/SRR397/SRR397324/SRR397324_1.fastq.gz;ftp.sra.ebi.ac.uk/vol1/fastq/SRR397/SRR397324/SRR397324_2.fastq.gz	
SRR397326	SAMN00771181	A04439	Normal colon epithelium - Subject 0005-066	Illumina HiSeq 2000 sequencing: RNA-Seq analysis of A04439	PAIRED	PRJNA274775	Derivation of HLA types from shotgun sequence datasets	BCCAGSC	ftp.sra.ebi.ac.uk/vol1/fastq/SRR397/SRR397326/SRR397326_1.fastq.gz;ftp.sra.ebi.ac.uk/vol1/fastq/SRR397/SRR397326/SRR397326_2.fastq.gz	
SRR397330	SAMN00771185	A04443	Normal colon epithelium - Subject 0005-070	Illumina HiSeq 2000 sequencing: RNA-Seq analysis of A04443	PAIRED	PRJNA274775	Derivation of HLA types from shotgun sequence datasets	BCCAGSC	ftp.sra.ebi.ac.uk/vol1/fastq/SRR397/SRR397330/SRR397330_1.fastq.gz;ftp.sra.ebi.ac.uk/vol1/fastq/SRR397/SRR397330/SRR397330_2.fastq.gz	
SRR397333	SAMN00771188	A04446	Normal colon epithelium - Subject 0005-074	Illumina HiSeq 2000 sequencing: RNA-Seq analysis of A04446	PAIRED	PRJNA274775	Derivation of HLA types from shotgun sequence datasets	BCCAGSC	ftp.sra.ebi.ac.uk/vol1/fastq/SRR397/SRR397333/SRR397333_1.fastq.gz;ftp.sra.ebi.ac.uk/vol1/fastq/SRR397/SRR397333/SRR397333_2.fastq.gz	
SRR397334	SAMN00771189	A04447	Normal colon epithelium - Subject 0005-075	Illumina HiSeq 2000 sequencing: RNA-Seq analysis of A04447	PAIRED	PRJNA274775	Derivation of HLA types from shotgun sequence datasets	BCCAGSC	ftp.sra.ebi.ac.uk/vol1/fastq/SRR397/SRR397334/SRR397334_1.fastq.gz;ftp.sra.ebi.ac.uk/vol1/fastq/SRR397/SRR397334/SRR397334_2.fastq.gz	
SRR397336	SAMN00771191	A04450	Normal colon epithelium - Subject 0005-079	Illumina HiSeq 2000 sequencing: RNA-Seq analysis of A04450	PAIRED	PRJNA274775	Derivation of HLA types from shotgun sequence datasets	BCCAGSC	ftp.sra.ebi.ac.uk/vol1/fastq/SRR397/SRR397336/SRR397336_1.fastq.gz;ftp.sra.ebi.ac.uk/vol1/fastq/SRR397/SRR397336/SRR397336_2.fastq.gz	
SRR397337	SAMN00771192	A04451	Normal colon epithelium - Subject 0005-081	Illumina HiSeq 2000 sequencing: RNA-Seq analysis of A04451	PAIRED	PRJNA274775	Derivation of HLA types from shotgun sequence datasets	BCCAGSC	ftp.sra.ebi.ac.uk/vol1/fastq/SRR397/SRR397337/SRR397337_1.fastq.gz;ftp.sra.ebi.ac.uk/vol1/fastq/SRR397/SRR397337/SRR397337_2.fastq.gz	
SRR397344	SAMN00771199	A04458	Normal colon epithelium - Subject 0005-090	Illumina HiSeq 2000 sequencing: RNA-Seq analysis of A04458	PAIRED	PRJNA274775	Derivation of HLA types from shotgun sequence datasets	BCCAGSC	ftp.sra.ebi.ac.uk/vol1/fastq/SRR397/SRR397344/SRR397344_1.fastq.gz;ftp.sra.ebi.ac.uk/vol1/fastq/SRR397/SRR397344/SRR397344_2.fastq.gz	
SRR397346	SAMN00771201	A04460	Normal colon epithelium - Subject 0005-092	Illumina HiSeq 2000 sequencing: RNA-Seq analysis of A04460	PAIRED	PRJNA274775	Derivation of HLA types from shotgun sequence datasets	BCCAGSC	ftp.sra.ebi.ac.uk/vol1/fastq/SRR397/SRR397346/SRR397346_1.fastq.gz;ftp.sra.ebi.ac.uk/vol1/fastq/SRR397/SRR397346/SRR397346_2.fastq.gz	
SRR397347	SAMN00771202	A04461	Normal colon epithelium - Subject 0005-093	Illumina HiSeq 2000 sequencing: RNA-Seq analysis of A04461	PAIRED	PRJNA274775	Derivation of HLA types from shotgun sequence datasets	BCCAGSC	ftp.sra.ebi.ac.uk/vol1/fastq/SRR397/SRR397347/SRR397347_1.fastq.gz;ftp.sra.ebi.ac.uk/vol1/fastq/SRR397/SRR397347/SRR397347_2.fastq.gz	
SRR397348	SAMN00771203	A04462	Normal colon epithelium - Subject 0005-094	Illumina HiSeq 2000 sequencing: RNA-Seq analysis of A04462	PAIRED	PRJNA274775	Derivation of HLA types from shotgun sequence datasets	BCCAGSC	ftp.sra.ebi.ac.uk/vol1/fastq/SRR397/SRR397348/SRR397348_1.fastq.gz;ftp.sra.ebi.ac.uk/vol1/fastq/SRR397/SRR397348/SRR397348_2.fastq.gz	
SRR397349	SAMN00771204	A04463	Normal colon epithelium - Subject 0005-095	Illumina HiSeq 2000 sequencing: RNA-Seq analysis of A04463	PAIRED	PRJNA274775	Derivation of HLA types from shotgun sequence datasets	BCCAGSC	ftp.sra.ebi.ac.uk/vol1/fastq/SRR397/SRR397349/SRR397349_1.fastq.gz;ftp.sra.ebi.ac.uk/vol1/fastq/SRR397/SRR397349/SRR397349_2.fastq.gz	
SRR397350	SAMN00771205	A04464	Normal colon epithelium - Subject 0005-096	Illumina HiSeq 2000 sequencing: RNA-Seq analysis of A04464	PAIRED	PRJNA274775	Derivation of HLA types from shotgun sequence datasets	BCCAGSC	ftp.sra.ebi.ac.uk/vol1/fastq/SRR397/SRR397350/SRR397350_1.fastq.gz;ftp.sra.ebi.ac.uk/vol1/fastq/SRR397/SRR397350/SRR397350_2.fastq.gz	
SRR397353	SAMN00771208	A04467	Normal colon epithelium - Subject 0005-099	Illumina HiSeq 2000 sequencing: RNA-Seq analysis of A04467	PAIRED	PRJNA274775	Derivation of HLA types from shotgun sequence datasets	BCCAGSC	ftp.sra.ebi.ac.uk/vol1/fastq/SRR397/SRR397353/SRR397353_1.fastq.gz;ftp.sra.ebi.ac.uk/vol1/fastq/SRR397/SRR397353/SRR397353_2.fastq.gz	
SRR397356	SAMN00771151	A04408	Colorectal tumour - Subject 0005-066	Illumina HiSeq 2000 sequencing: RNA-Seq analysis of A04408	PAIRED	PRJNA274775	Derivation of HLA types from shotgun sequence datasets	BCCAGSC	ftp.sra.ebi.ac.uk/vol1/fastq/SRR397/SRR397356/SRR397356_1.fastq.gz;ftp.sra.ebi.ac.uk/vol1/fastq/SRR397/SRR397356/SRR397356_2.fastq.gz	
SRR397358	SAMN00771153	A04410	Colorectal tumour - Subject 0005-068	Illumina HiSeq 2000 sequencing: RNA-Seq analysis of A04410	PAIRED	PRJNA274775	Derivation of HLA types from shotgun sequence datasets	BCCAGSC	ftp.sra.ebi.ac.uk/vol1/fastq/SRR397/SRR397358/SRR397358_1.fastq.gz;ftp.sra.ebi.ac.uk/vol1/fastq/SRR397/SRR397358/SRR397358_2.fastq.gz	
SRR397362	SAMN00771157	A04414	Colorectal tumour - Subject 0005-073	Illumina HiSeq 2000 sequencing: RNA-Seq analysis of A04414	PAIRED	PRJNA274775	Derivation of HLA types from shotgun sequence datasets	BCCAGSC	ftp.sra.ebi.ac.uk/vol1/fastq/SRR397/SRR397362/SRR397362_1.fastq.gz;ftp.sra.ebi.ac.uk/vol1/fastq/SRR397/SRR397362/SRR397362_2.fastq.gz	
SRR397365	SAMN00771160	A04417	Colorectal tumour - Subject 0005-076	Illumina HiSeq 2000 sequencing: RNA-Seq analysis of A04417	PAIRED	PRJNA274775	Derivation of HLA types from shotgun sequence datasets	BCCAGSC	ftp.sra.ebi.ac.uk/vol1/fastq/SRR397/SRR397365/SRR397365_1.fastq.gz;ftp.sra.ebi.ac.uk/vol1/fastq/SRR397/SRR397365/SRR397365_2.fastq.gz	
SRR397369	SAMN00771164	A04422	Colorectal tumour - Subject 0005-085	Illumina HiSeq 2000 sequencing: RNA-Seq analysis of A04422	PAIRED	PRJNA274775	Derivation of HLA types from shotgun sequence datasets	BCCAGSC	ftp.sra.ebi.ac.uk/vol1/fastq/SRR397/SRR397369/SRR397369_1.fastq.gz;ftp.sra.ebi.ac.uk/vol1/fastq/SRR397/SRR397369/SRR397369_2.fastq.gz	
SRR397370	SAMN00771165	A04423	Colorectal tumour - Subject 0005-086	Illumina HiSeq 2000 sequencing: RNA-Seq analysis of A04423	PAIRED	PRJNA274775	Derivation of HLA types from shotgun sequence datasets	BCCAGSC	ftp.sra.ebi.ac.uk/vol1/fastq/SRR397/SRR397370/SRR397370_1.fastq.gz;ftp.sra.ebi.ac.uk/vol1/fastq/SRR397/SRR397370/SRR397370_2.fastq.gz	
SRR397379	SAMN00771174	A04432	Colorectal tumour - Subject 0005-095	Illumina HiSeq 2000 sequencing: RNA-Seq analysis of A04432	PAIRED	PRJNA274775	Derivation of HLA types from shotgun sequence datasets	BCCAGSC	ftp.sra.ebi.ac.uk/vol1/fastq/SRR397/SRR397379/SRR397379_1.fastq.gz;ftp.sra.ebi.ac.uk/vol1/fastq/SRR397/SRR397379/SRR397379_2.fastq.gz	
SRR397381	SAMN00771176	A04434	Colorectal tumour - Subject 0005-097	Illumina HiSeq 2000 sequencing: RNA-Seq analysis of A04434	PAIRED	PRJNA274775	Derivation of HLA types from shotgun sequence datasets	BCCAGSC	ftp.sra.ebi.ac.uk/vol1/fastq/SRR397/SRR397381/SRR397381_1.fastq.gz;ftp.sra.ebi.ac.uk/vol1/fastq/SRR397/SRR397381/SRR397381_2.fastq.gz	
SRR397383	SAMN00771178	A04436	Colorectal tumour - Subject 0005-099	Illumina HiSeq 2000 sequencing: RNA-Seq analysis of A04436	PAIRED	PRJNA274775	Derivation of HLA types from shotgun sequence datasets	BCCAGSC	ftp.sra.ebi.ac.uk/vol1/fastq/SRR397/SRR397383/SRR397383_1.fastq.gz;ftp.sra.ebi.ac.uk/vol1/fastq/SRR397/SRR397383/SRR397383_2.fastq.gz	
SRR397385	SAMN00771180	A04438	Colorectal tumour - Subject 0005-101	Illumina HiSeq 2000 sequencing: RNA-Seq analysis of A04438	PAIRED	PRJNA274775	Derivation of HLA types from shotgun sequence datasets	BCCAGSC	ftp.sra.ebi.ac.uk/vol1/fastq/SRR397/SRR397385/SRR397385_1.fastq.gz;ftp.sra.ebi.ac.uk/vol1/fastq/SRR397/SRR397385/SRR397385_2.fastq.gz	
SRR397389	SAMN00771184	A04442	Normal colon epithelium - Subject 0005-069	Illumina HiSeq 2000 sequencing: RNA-Seq analysis of A04442	PAIRED	PRJNA274775	Derivation of HLA types from shotgun sequence datasets	BCCAGSC	ftp.sra.ebi.ac.uk/vol1/fastq/SRR397/SRR397389/SRR397389_1.fastq.gz;ftp.sra.ebi.ac.uk/vol1/fastq/SRR397/SRR397389/SRR397389_2.fastq.gz	
SRR397392	SAMN00771187	A04445	Normal colon epithelium - Subject 0005-073	Illumina HiSeq 2000 sequencing: RNA-Seq analysis of A04445	PAIRED	PRJNA274775	Derivation of HLA types from shotgun sequence datasets	BCCAGSC	ftp.sra.ebi.ac.uk/vol1/fastq/SRR397/SRR397392/SRR397392_1.fastq.gz;ftp.sra.ebi.ac.uk/vol1/fastq/SRR397/SRR397392/SRR397392_2.fastq.gz	
SRR397394	SAMN00771189	A04447	Normal colon epithelium - Subject 0005-075	Illumina HiSeq 2000 sequencing: RNA-Seq analysis of A04447	PAIRED	PRJNA274775	Derivation of HLA types from shotgun sequence datasets	BCCAGSC	ftp.sra.ebi.ac.uk/vol1/fastq/SRR397/SRR397394/SRR397394_1.fastq.gz;ftp.sra.ebi.ac.uk/vol1/fastq/SRR397/SRR397394/SRR397394_2.fastq.gz	
SRR397397	SAMN00771192	A04451	Normal colon epithelium - Subject 0005-081	Illumina HiSeq 2000 sequencing: RNA-Seq analysis of A04451	PAIRED	PRJNA274775	Derivation of HLA types from shotgun sequence datasets	BCCAGSC	ftp.sra.ebi.ac.uk/vol1/fastq/SRR397/SRR397397/SRR397397_1.fastq.gz;ftp.sra.ebi.ac.uk/vol1/fastq/SRR397/SRR397397/SRR397397_2.fastq.gz	
SRR397406	SAMN00771201	A04460	Normal colon epithelium - Subject 0005-092	Illumina HiSeq 2000 sequencing: RNA-Seq analysis of A04460	PAIRED	PRJNA274775	Derivation of HLA types from shotgun sequence datasets	BCCAGSC	ftp.sra.ebi.ac.uk/vol1/fastq/SRR397/SRR397406/SRR397406_1.fastq.gz;ftp.sra.ebi.ac.uk/vol1/fastq/SRR397/SRR397406/SRR397406_2.fastq.gz	
SRR397411	SAMN00771206	A04465	Normal colon epithelium - Subject 0005-097	Illumina HiSeq 2000 sequencing: RNA-Seq analysis of A04465	PAIRED	PRJNA274775	Derivation of HLA types from shotgun sequence datasets	BCCAGSC	ftp.sra.ebi.ac.uk/vol1/fastq/SRR397/SRR397411/SRR397411_1.fastq.gz;ftp.sra.ebi.ac.uk/vol1/fastq/SRR397/SRR397411/SRR397411_2.fastq.gz	
SRR397414	SAMN00771209	A04468	Normal colon epithelium - Subject 0005-100	Illumina HiSeq 2000 sequencing: RNA-Seq analysis of A04468	PAIRED	PRJNA274775	Derivation of HLA types from shotgun sequence datasets	BCCAGSC	ftp.sra.ebi.ac.uk/vol1/fastq/SRR397/SRR397414/SRR397414_1.fastq.gz;ftp.sra.ebi.ac.uk/vol1/fastq/SRR397/SRR397414/SRR397414_2.fastq.gz	
